stateur,statemb,state,age,tenure,joblost,nwhite,school12,sex,bluecol,smsa,married,dkids,dykids,yrdispl,rr,head,ui,portfolio,derivatives,insurance,Sharpe
7.4,199,61,56,1,other,no,no,female,yes,no,no,no,no,10,0.619403,yes,yes,no,no,no,0.0
12.1,163,91,46,1,slack_work,no,no,female,yes,no,yes,yes,yes,1,0.5186567,yes,yes,yes,yes,yes,1.0373134
5.8,186,61,57,22,other,no,no,female,yes,no,yes,yes,no,9,0.6153846,yes,yes,no,no,no,0.0
7.4,168,33,49,5,slack_work,yes,no,female,yes,yes,yes,yes,no,6,0.4195251,yes,yes,yes,yes,yes,0.8390502
7.1,263,34,52,8,position_abolished,no,yes,female,yes,yes,no,yes,yes,8,0.3648,yes,no,yes,yes,yes,0.7296
4.5,184,56,53,4,other,no,no,female,yes,yes,no,no,no,6,0.5026455,yes,no,no,no,no,0.0
3.5,228,56,55,1,slack_work,yes,no,female,yes,no,yes,yes,yes,8,0.5,no,yes,yes,yes,yes,1.0
6.9,125,86,51,2,slack_work,no,no,female,yes,yes,yes,yes,no,5,0.5235602,yes,no,no,no,no,0.0
5.8,200,82,54,2,other,no,no,female,yes,yes,no,yes,no,9,0.5,yes,yes,yes,yes,yes,1.0
12.6,105,64,59,3,slack_work,no,no,female,yes,no,yes,yes,yes,2,0.2615741,yes,yes,yes,yes,yes,0.5231482
10.8,188,94,50,4,slack_work,no,no,female,yes,yes,no,no,no,5,0.4915254,no,yes,no,no,no,0.0
6.7,210,74,43,12,slack_work,no,no,female,yes,yes,yes,yes,no,8,0.523077,yes,yes,no,no,no,0.0
7.5,275,34,46,3,slack_work,no,no,female,yes,no,yes,yes,no,9,0.3923611,yes,yes,no,no,no,0.0
9.2,276,34,41,1,seasonal_job_ended,no,no,female,yes,no,yes,yes,yes,10,0.5256917,yes,no,yes,yes,yes,1.0513834
5.7,203,22,57,3,slack_work,no,yes,female,yes,yes,no,no,no,4,0.58,yes,yes,no,no,no,0.0
5.4,139,11,46,2,other,no,no,female,yes,yes,yes,yes,yes,4,0.5909091,yes,no,yes,yes,yes,1.1818182
8.2,190,91,54,13,slack_work,no,no,female,yes,yes,yes,yes,no,5,0.475827,yes,yes,yes,yes,yes,0.951654
5.8,198,54,40,2,slack_work,no,no,female,yes,yes,yes,yes,no,10,0.4936709,no,yes,no,no,no,0.0
10.3,190,23,48,4,position_abolished,no,no,female,yes,yes,yes,yes,no,1,0.5201794,yes,yes,no,no,no,0.0
6.9,177,85,45,3,slack_work,no,no,female,yes,yes,no,yes,yes,10,0.2531646,yes,yes,yes,yes,yes,0.5063292
5.8,198,54,57,7,other,no,no,female,yes,yes,no,yes,yes,10,0.520202,no,no,yes,yes,yes,1.040404
10.5,251,55,59,3,other,no,no,female,yes,no,yes,yes,no,10,0.5180723,yes,yes,yes,yes,yes,1.0361446
6.3,150,59,45,1,slack_work,yes,no,female,yes,yes,no,no,no,3,0.5,no,no,no,no,no,0.0
6.7,270,16,47,3,slack_work,no,yes,female,yes,yes,no,no,no,10,0.5013334,no,yes,no,no,no,0.0
5.7,184,31,51,13,other,no,no,female,yes,yes,yes,yes,no,9,0.470405,yes,yes,yes,yes,yes,0.94081
5.1,180,11,55,10,position_abolished,yes,yes,female,yes,no,no,no,no,9,0.2508475,yes,yes,no,no,no,0.0
9.8,159,82,52,2,position_abolished,no,no,female,yes,no,yes,yes,yes,2,0.3981481,yes,no,yes,yes,yes,0.7962962
3.8,241,22,44,2,other,no,no,female,yes,yes,yes,yes,no,7,0.6007326,yes,no,yes,yes,yes,1.2014652
7.1,183,83,49,1,slack_work,no,no,female,yes,no,yes,yes,yes,4,0.52,yes,yes,yes,yes,yes,1.04
4.5,184,56,49,1,slack_work,no,no,female,yes,no,yes,yes,no,6,0.4970414,no,no,yes,yes,yes,0.9940828
10.1,136,71,49,3,other,yes,no,female,yes,yes,yes,yes,yes,2,0.5,no,yes,yes,yes,yes,1.0
3.8,241,22,42,3,other,no,yes,female,yes,yes,no,no,no,7,0.42607,yes,no,no,no,no,0.0
6.3,157,83,55,3,other,no,no,female,yes,no,yes,yes,no,3,0.3937198,yes,yes,yes,yes,yes,0.7874396
5.6,197,73,53,1,other,no,no,female,yes,no,yes,yes,no,8,0.523077,yes,no,yes,yes,yes,1.046154
5.8,198,54,48,3,slack_work,yes,no,female,yes,yes,yes,yes,no,10,0.520202,yes,yes,no,no,no,0.0
4.2,180,21,52,5,other,no,no,female,yes,yes,no,no,no,7,0.4293194,yes,no,no,no,no,0.0
11.2,178,91,58,3,slack_work,no,yes,female,yes,yes,yes,yes,yes,2,0.4229075,yes,yes,yes,yes,yes,0.845815
14.2,197,34,51,4,slack_work,no,no,female,yes,yes,no,no,no,2,0.5246913,yes,yes,no,no,no,0.0
6.6,190,84,46,3,slack_work,no,no,female,yes,yes,yes,yes,yes,2,0.316358,yes,yes,yes,yes,yes,0.632716
6.3,135,13,54,1,slack_work,no,no,female,yes,no,yes,yes,yes,1,0.502994,no,yes,yes,yes,yes,1.005988
12.1,163,91,48,1,other,no,yes,female,yes,yes,yes,yes,yes,1,0.4986301,yes,no,yes,yes,yes,0.9972602
3.8,241,22,52,1,slack_work,no,no,female,yes,yes,yes,yes,no,7,0.5011442,yes,yes,no,no,no,0.0
9.0,282,14,40,1,other,no,no,female,yes,yes,no,no,no,10,0.5021097,yes,yes,no,no,no,0.0
4.9,180,21,40,3,slack_work,yes,no,female,yes,yes,yes,yes,yes,6,0.5,yes,yes,yes,yes,yes,1.0
5.7,160,43,40,5,slack_work,no,no,female,yes,yes,yes,yes,yes,9,0.2139384,no,yes,yes,yes,yes,0.4278768
7.2,260,21,58,1,slack_work,no,no,female,yes,yes,no,no,no,10,0.5,no,yes,no,no,no,0.0
7.6,166,87,53,1,slack_work,no,no,female,yes,no,yes,yes,no,1,0.4147982,yes,yes,no,no,no,0.0
5.9,200,59,41,2,other,no,yes,female,yes,yes,yes,yes,no,9,0.3928571,no,yes,no,no,no,0.0
11.0,179,35,54,1,slack_work,no,no,female,yes,yes,no,no,no,1,0.4985075,no,yes,no,no,no,0.0
4.0,210,47,51,1,slack_work,no,no,female,yes,yes,yes,yes,no,8,0.5539568,no,yes,no,no,no,0.0
5.7,160,43,50,7,other,yes,yes,female,yes,yes,yes,yes,yes,9,0.3626374,yes,no,yes,yes,yes,0.7252748
15.0,223,55,53,1,slack_work,no,no,female,yes,yes,no,no,no,3,0.5212355,yes,no,no,no,no,0.0
6.3,135,86,41,15,slack_work,no,yes,female,yes,yes,yes,yes,no,7,0.0703259,yes,no,no,no,no,0.0
6.3,246,91,48,2,other,no,yes,female,yes,yes,yes,yes,no,10,0.399177,yes,yes,no,no,no,0.0
8.2,197,73,53,2,slack_work,no,no,female,yes,yes,no,no,no,5,0.4186551,no,yes,no,no,no,0.0
5.2,165,83,51,2,other,no,no,female,yes,no,yes,yes,yes,1,0.4125561,yes,yes,yes,yes,yes,0.8251122
5.0,126,46,54,12,position_abolished,no,no,female,yes,yes,yes,yes,yes,5,0.2525458,yes,no,yes,yes,yes,0.5050916
5.1,166,93,57,1,slack_work,no,yes,female,yes,yes,no,no,no,8,0.3453237,yes,no,no,no,no,0.0
4.7,129,45,57,3,slack_work,no,no,female,yes,no,no,no,no,5,0.5,yes,no,no,no,no,0.0
11.7,140,61,44,1,slack_work,no,yes,female,yes,no,no,no,no,2,0.6157407,no,yes,no,no,no,0.0
7.5,177,41,58,10,other,no,no,female,yes,no,no,no,no,1,0.5,yes,yes,no,no,no,0.0
6.6,224,74,42,3,slack_work,no,no,female,yes,yes,no,no,no,10,0.5220588,no,yes,no,no,no,0.0
4.5,266,23,53,11,slack_work,no,no,female,yes,yes,yes,yes,no,8,0.5215947,yes,yes,no,no,no,0.0
7.5,210,93,47,1,slack_work,no,no,female,yes,yes,no,no,no,10,0.1955241,no,yes,no,no,no,0.0
8.0,143,42,53,1,position_abolished,no,no,female,yes,no,yes,yes,yes,4,0.3575,yes,yes,yes,yes,yes,0.715
5.9,182,74,49,6,other,no,no,female,yes,no,yes,yes,yes,3,0.3027375,yes,no,yes,yes,yes,0.605475
6.7,197,73,43,12,slack_work,no,no,female,yes,no,yes,yes,no,10,0.4936709,yes,no,no,no,no,0.0
9.2,95,86,40,2,other,no,no,female,yes,no,no,yes,yes,1,0.5210527,no,yes,yes,yes,yes,1.0421054
7.9,84,32,44,6,slack_work,yes,no,female,yes,yes,yes,yes,yes,4,0.3733333,no,no,yes,yes,yes,0.7466666
7.5,210,93,48,2,other,no,no,female,yes,yes,yes,yes,yes,10,0.3001808,yes,no,yes,yes,yes,0.6003616
3.5,156,12,56,2,slack_work,no,no,female,yes,no,yes,yes,yes,8,0.3621399,yes,no,yes,yes,yes,0.7242798
7.8,145,64,60,2,position_abolished,no,no,female,yes,yes,yes,yes,no,8,0.4468085,yes,yes,yes,yes,yes,0.893617
5.6,200,59,53,7,slack_work,no,yes,female,yes,yes,yes,yes,no,8,0.2485714,yes,yes,yes,yes,yes,0.4971428
6.3,157,83,58,1,other,no,no,female,yes,no,no,yes,yes,3,0.4034654,yes,yes,yes,yes,yes,0.8069308
11.4,168,33,46,9,other,no,no,female,yes,yes,yes,yes,yes,2,0.3351852,yes,yes,yes,yes,yes,0.6703704
12.4,183,72,47,5,slack_work,no,yes,female,yes,yes,yes,yes,yes,1,0.2440191,yes,yes,yes,yes,yes,0.4880382
5.4,125,21,56,2,slack_work,no,no,female,yes,yes,no,yes,no,2,0.5,yes,no,yes,yes,yes,1.0
5.6,200,59,53,4,other,no,no,female,yes,no,no,yes,no,8,0.5,yes,yes,yes,yes,yes,1.0
5.2,160,62,53,3,other,no,no,female,yes,no,yes,yes,yes,9,0.4070796,no,no,yes,yes,yes,0.8141592
5.6,194,95,46,12,other,no,yes,female,yes,yes,yes,yes,no,4,0.4619048,yes,no,no,no,no,0.0
11.8,205,72,48,2,slack_work,no,no,female,yes,yes,no,no,no,2,0.5198238,no,yes,no,no,no,0.0
10.3,190,23,52,12,slack_work,no,no,female,yes,yes,yes,yes,no,1,0.5197889,yes,yes,yes,yes,yes,1.0395778
6.7,270,16,54,1,slack_work,no,no,female,yes,yes,yes,yes,no,10,0.3370253,yes,yes,yes,yes,yes,0.6740506
5.5,120,46,41,12,other,no,yes,female,yes,yes,yes,yes,yes,4,0.4,no,no,yes,yes,yes,0.8
5.4,125,21,50,3,slack_work,no,no,female,yes,no,yes,yes,no,2,0.5,yes,yes,yes,yes,yes,1.0
7.9,84,32,59,5,position_abolished,no,no,female,yes,yes,yes,yes,no,4,0.24,no,yes,no,no,no,0.0
10.1,169,95,57,5,slack_work,no,no,female,yes,no,no,no,no,1,0.374502,no,yes,no,no,no,0.0
5.5,202,88,52,1,seasonal_job_ended,yes,no,female,yes,yes,no,no,no,10,0.5183486,no,no,no,no,no,0.0
11.1,84,32,49,5,other,no,no,female,yes,yes,no,no,no,2,0.4212963,no,yes,no,no,no,0.0
6.9,291,23,57,9,other,no,no,female,yes,yes,yes,yes,no,10,0.5197569,yes,yes,no,no,no,0.0
6.2,216,92,56,5,slack_work,no,no,female,yes,yes,yes,yes,no,6,0.4505495,yes,yes,no,no,no,0.0
5.4,139,11,56,2,other,no,no,female,yes,yes,yes,yes,yes,4,0.5888889,yes,no,yes,yes,yes,1.1777778
5.7,175,59,47,3,other,no,no,female,yes,yes,no,no,no,5,0.5036497,yes,yes,no,no,no,0.0
5.8,198,54,60,8,slack_work,no,no,female,yes,yes,no,yes,yes,10,0.3183673,yes,no,yes,yes,yes,0.6367346
4.1,258,22,59,4,other,yes,no,female,yes,yes,no,no,no,8,0.5986842,yes,no,no,no,no,0.0
4.5,129,45,52,2,other,no,no,female,yes,no,no,no,no,1,0.5022421,no,no,no,no,no,0.0
6.6,165,62,47,5,other,no,no,female,yes,yes,no,no,no,10,0.4037267,yes,no,no,no,no,0.0
8.1,147,31,40,2,other,no,no,female,yes,yes,yes,yes,no,5,0.3664122,no,yes,yes,yes,yes,0.7328244
9.2,154,85,40,2,seasonal_job_ended,no,no,female,yes,yes,no,yes,yes,5,0.341629,yes,yes,yes,yes,yes,0.683258
3.5,228,56,31,3,slack_work,no,no,female,yes,no,yes,yes,yes,8,0.4964029,no,yes,yes,yes,yes,0.9928058
7.5,188,11,28,1,slack_work,no,no,male,yes,yes,yes,yes,yes,10,0.5907173,yes,yes,yes,yes,yes,1.1814346
5.8,186,61,32,2,slack_work,no,no,male,yes,no,yes,yes,no,9,0.4650456,yes,yes,yes,yes,yes,0.9300912
11.2,178,91,38,2,slack_work,no,yes,male,yes,yes,yes,yes,no,2,0.5202312,yes,yes,yes,yes,yes,1.0404624
8.0,224,23,21,6,slack_work,no,no,female,yes,yes,no,yes,yes,4,0.52,yes,yes,yes,yes,yes,1.04
5.8,166,93,36,1,other,no,no,male,yes,yes,no,no,no,6,0.3941177,no,no,no,no,no,0.0
4.4,225,35,56,15,slack_work,no,no,male,yes,yes,yes,yes,no,9,0.3211806,yes,yes,yes,yes,yes,0.6423612
6.2,216,92,31,7,other,no,no,male,yes,yes,yes,yes,yes,6,0.5408971,yes,yes,yes,yes,yes,1.0817942
5.0,200,59,32,2,other,no,no,female,yes,yes,no,yes,no,7,0.5,yes,yes,yes,yes,yes,1.0
10.5,251,55,57,21,other,no,no,male,yes,yes,no,no,no,10,0.5172414,yes,yes,no,no,no,0.0
6.8,181,81,33,2,slack_work,no,no,male,yes,no,yes,yes,yes,7,0.403423,yes,yes,yes,yes,yes,0.806846
8.0,168,74,38,3,other,no,no,male,yes,yes,yes,yes,no,2,0.5185185,yes,yes,yes,yes,yes,1.037037
10.0,156,94,33,1,other,yes,no,female,yes,yes,yes,yes,no,3,0.5209003,no,no,yes,yes,yes,1.0418006
7.2,260,21,35,4,slack_work,no,no,male,yes,yes,yes,yes,yes,10,0.5021834,yes,yes,yes,yes,yes,1.0043668
6.3,200,83,30,3,slack_work,no,no,male,yes,no,no,yes,yes,8,0.5014409,yes,no,yes,yes,yes,1.0028818
4.6,205,52,38,2,slack_work,no,yes,male,yes,yes,yes,yes,yes,9,0.5437263,yes,yes,yes,yes,yes,1.0874526
6.1,138,54,49,2,other,no,no,male,yes,no,yes,no,no,2,0.5185185,yes,yes,no,no,no,0.0
7.5,210,93,40,3,position_abolished,yes,no,female,yes,yes,no,yes,no,10,0.3924051,yes,yes,yes,yes,yes,0.7848102
5.9,215,52,46,25,seasonal_job_ended,no,no,male,yes,yes,yes,no,no,10,0.3586498,no,yes,no,no,no,0.0
5.8,245,56,25,2,other,yes,no,male,yes,no,no,no,no,10,0.5,no,yes,no,no,no,0.0
6.7,166,93,35,4,slack_work,yes,no,male,yes,yes,no,yes,yes,5,0.3927273,no,yes,yes,yes,yes,0.7854546
7.0,189,74,28,1,slack_work,no,no,male,yes,yes,yes,yes,yes,4,0.52,yes,yes,yes,yes,yes,1.04
8.4,203,74,33,9,slack_work,no,no,male,yes,yes,yes,yes,no,6,0.3622642,yes,no,yes,yes,yes,0.7245284
7.4,199,61,27,4,slack_work,no,no,male,yes,no,no,no,no,10,0.6134454,no,yes,no,no,no,0.0
5.7,241,23,23,2,slack_work,no,no,female,yes,yes,no,no,no,6,0.5211267,no,yes,no,no,no,0.0
6.7,166,56,36,3,other,no,no,female,yes,no,no,yes,no,3,0.5028571,yes,yes,yes,yes,yes,1.0057142
7.5,210,93,43,3,position_abolished,yes,no,male,yes,yes,no,no,no,10,0.2561728,no,no,no,no,no,0.0
6.8,150,63,42,1,other,yes,no,female,yes,yes,no,no,no,9,0.5430108,yes,yes,no,no,no,0.0
7.1,263,34,33,2,other,no,no,female,yes,yes,yes,yes,no,8,0.5253456,no,yes,yes,yes,yes,1.0506912
4.9,126,46,38,7,other,no,no,male,yes,no,yes,yes,no,6,0.4817814,yes,no,yes,yes,yes,0.9635628
6.8,181,81,48,9,position_abolished,no,no,female,yes,no,no,no,no,7,0.4914089,yes,yes,no,no,no,0.0
5.0,279,22,29,2,other,yes,yes,female,yes,yes,yes,yes,yes,9,0.5991903,no,yes,yes,yes,yes,1.1983806
9.0,282,14,48,14,other,no,no,male,yes,yes,yes,no,no,10,0.5012658,no,yes,no,no,no,0.0
7.3,196,35,27,1,slack_work,no,no,female,yes,no,yes,yes,yes,3,0.5,no,no,yes,yes,yes,1.0
5.8,198,54,29,2,other,no,yes,male,yes,yes,yes,yes,yes,10,0.5178571,yes,yes,yes,yes,yes,1.0357142
11.8,205,23,30,2,slack_work,no,no,male,yes,no,yes,yes,no,2,0.5198675,yes,yes,yes,yes,yes,1.039735
9.1,214,23,28,6,other,no,no,male,yes,yes,no,no,no,3,0.5209003,yes,no,no,no,no,0.0
4.2,129,45,22,2,position_abolished,no,no,female,yes,no,no,yes,no,6,0.4947369,no,no,yes,yes,yes,0.9894738
5.8,198,54,40,1,seasonal_job_ended,no,no,male,yes,no,yes,yes,no,10,0.4936709,yes,yes,yes,yes,yes,0.9873418
7.3,220,71,25,7,slack_work,yes,no,female,yes,yes,no,no,no,10,0.5,no,no,no,no,no,0.0
5.1,260,41,25,1,seasonal_job_ended,no,yes,male,yes,no,yes,yes,yes,10,0.5,yes,yes,yes,yes,yes,1.0
6.3,157,83,45,5,slack_work,no,no,male,yes,no,yes,yes,no,3,0.4502763,yes,no,yes,yes,yes,0.9005526
4.0,255,14,40,17,other,no,no,male,yes,yes,yes,no,no,8,0.5,yes,yes,no,no,no,0.0
6.0,187,33,49,3,slack_work,no,no,male,yes,yes,yes,no,no,8,0.4885058,no,yes,no,no,no,0.0
11.7,148,33,34,6,slack_work,no,no,female,yes,no,yes,yes,no,1,0.5022421,no,no,yes,yes,yes,1.0044842
11.6,84,32,30,2,position_abolished,no,no,male,yes,yes,yes,yes,yes,1,0.4215247,yes,yes,yes,yes,yes,0.8430494
8.1,171,81,33,2,other,no,yes,male,yes,no,yes,yes,yes,5,0.1555556,yes,yes,yes,yes,yes,0.3111112
11.2,197,34,35,11,other,no,yes,female,yes,yes,no,no,no,3,0.3411371,no,no,no,no,no,0.0
9.7,152,56,51,13,slack_work,no,no,male,yes,no,yes,no,no,1,0.3806306,yes,yes,no,no,no,0.0
5.4,167,56,33,1,slack_work,no,yes,female,yes,no,yes,yes,yes,4,0.5018868,no,yes,yes,yes,yes,1.0037736
4.8,255,41,23,2,slack_work,no,yes,female,yes,yes,no,no,no,9,0.5,no,yes,no,no,no,0.0
9.9,197,34,44,22,slack_work,no,no,male,yes,yes,no,no,no,4,0.394,yes,yes,no,no,no,0.0
7.1,206,33,29,6,other,no,yes,male,yes,yes,no,no,no,10,0.4894515,no,yes,no,no,no,0.0
12.9,140,61,40,3,slack_work,no,no,female,yes,no,no,no,no,1,0.5650224,yes,yes,no,no,no,0.0
11.6,84,32,33,3,slack_work,no,yes,male,yes,no,yes,yes,no,1,0.1684588,yes,yes,yes,yes,yes,0.3369176
8.1,161,33,45,15,other,yes,no,male,yes,yes,yes,yes,no,5,0.4779661,yes,no,yes,yes,yes,0.9559322
6.3,149,47,35,1,slack_work,no,yes,female,yes,no,no,no,no,1,0.5508982,no,yes,no,no,no,0.0
8.9,147,31,22,3,slack_work,no,no,male,yes,yes,no,yes,no,4,0.5,no,yes,yes,yes,yes,1.0
7.1,263,34,30,6,position_abolished,no,no,female,yes,no,no,no,no,8,0.5254237,no,yes,no,no,no,0.0
7.2,120,63,36,1,slack_work,yes,yes,male,yes,yes,no,no,no,7,0.3992674,no,yes,no,no,no,0.0
6.7,258,15,40,3,slack_work,no,no,male,yes,yes,yes,yes,no,9,0.6018237,yes,yes,yes,yes,yes,1.2036474
5.3,166,93,29,1,seasonal_job_ended,no,no,female,yes,yes,yes,yes,yes,7,0.3963415,no,no,yes,yes,yes,0.792683
6.5,180,21,55,12,slack_work,no,no,male,yes,no,yes,no,no,4,0.5015385,yes,no,no,no,no,0.0
4.0,228,22,50,31,other,yes,no,male,yes,yes,yes,no,no,6,0.4381339,yes,yes,no,no,no,0.0
8.6,84,32,21,2,other,no,no,male,yes,no,yes,no,no,3,0.5612903,yes,no,no,no,no,0.0
7.5,145,85,25,1,slack_work,no,no,male,yes,yes,yes,yes,yes,3,0.4823151,yes,yes,yes,yes,yes,0.9646302
7.0,147,31,49,18,other,no,no,female,yes,no,yes,no,no,6,0.3398533,no,no,no,no,no,0.0
8.6,198,83,44,2,seasonal_job_ended,no,no,female,yes,no,no,no,no,6,0.5211267,yes,no,no,no,no,0.0
6.3,149,47,34,2,other,no,no,male,yes,no,yes,yes,yes,1,0.5515695,yes,yes,yes,yes,yes,1.103139
12.3,147,31,52,20,slack_work,no,no,male,yes,yes,yes,yes,no,1,0.245142,yes,yes,yes,yes,yes,0.490284
9.0,192,83,35,6,slack_work,no,no,male,yes,no,yes,yes,yes,5,0.2736536,yes,yes,yes,yes,yes,0.5473072
7.5,115,58,30,5,slack_work,yes,no,male,yes,no,no,no,no,2,0.3425414,no,yes,no,no,no,0.0
11.5,110,62,31,4,position_abolished,no,no,male,yes,yes,yes,yes,no,2,0.4195402,yes,yes,yes,yes,yes,0.8390804
7.5,177,41,29,3,slack_work,no,yes,male,yes,no,yes,yes,yes,1,0.5,yes,yes,yes,yes,yes,1.0
5.1,180,11,42,7,slack_work,no,no,male,yes,no,yes,no,no,9,0.4277457,yes,yes,no,no,no,0.0
4.4,200,35,23,2,slack_work,no,no,male,yes,no,no,no,no,8,0.5025641,no,no,no,no,no,0.0
5.0,178,13,30,1,slack_work,no,no,male,yes,no,yes,yes,yes,9,0.5789474,yes,yes,yes,yes,yes,1.1578948
6.7,166,93,36,9,other,no,no,male,yes,yes,yes,yes,no,5,0.2767402,yes,yes,yes,yes,yes,0.5534804
6.3,246,91,45,2,slack_work,no,no,male,yes,yes,no,no,no,10,0.2886905,yes,yes,no,no,no,0.0
9.2,136,88,54,2,other,no,no,male,yes,no,no,no,no,1,0.5192308,yes,yes,no,no,no,0.0
3.1,225,15,29,6,other,no,no,female,yes,no,yes,yes,no,7,0.5991189,no,yes,yes,yes,yes,1.1982378
6.6,291,22,42,5,other,yes,no,female,yes,yes,yes,yes,no,10,0.6013514,no,yes,yes,yes,yes,1.2027028
5.8,198,54,31,3,other,no,yes,female,yes,yes,no,no,no,10,0.5131579,no,yes,no,no,no,0.0
4.1,258,22,44,5,slack_work,no,no,male,yes,yes,yes,no,no,8,0.4609053,no,yes,no,no,no,0.0
7.7,125,59,30,3,position_abolished,no,yes,male,yes,yes,yes,no,no,1,0.4982079,yes,no,no,no,no,0.0
12.9,140,61,27,4,other,no,no,male,yes,no,yes,no,no,1,0.4656716,yes,yes,no,no,no,0.0
11.7,140,61,31,1,other,no,no,male,yes,no,yes,yes,yes,2,0.3106996,yes,yes,yes,yes,yes,0.6213992
11.9,110,62,28,7,slack_work,yes,no,female,yes,no,yes,yes,no,1,0.4187192,no,yes,yes,yes,yes,0.8374384
7.3,210,74,28,5,other,no,no,male,yes,yes,yes,yes,yes,7,0.5220588,yes,no,yes,yes,yes,1.0441176
11.7,148,33,30,1,slack_work,yes,no,female,yes,yes,no,no,no,1,0.502994,no,yes,no,no,no,0.0
5.8,166,93,60,34,position_abolished,yes,yes,male,yes,yes,yes,yes,no,6,0.3668224,yes,no,yes,yes,yes,0.7336448
8.6,198,83,47,3,other,no,no,male,yes,no,yes,no,no,6,0.3966245,yes,yes,no,no,no,0.0
7.2,166,93,27,1,other,yes,no,male,yes,yes,no,no,no,4,0.395,yes,no,no,no,no,0.0
5.0,200,59,34,1,slack_work,no,no,male,yes,yes,yes,yes,yes,7,0.4981685,yes,no,yes,yes,yes,0.996337
7.5,275,34,58,40,slack_work,no,no,male,yes,no,yes,no,no,9,0.5257143,yes,yes,no,no,no,0.0
5.2,163,47,33,7,position_abolished,no,yes,female,yes,no,yes,yes,no,3,0.2964912,no,yes,yes,yes,yes,0.5929824
9.9,105,43,24,4,other,no,no,male,yes,yes,no,no,no,2,0.2092593,no,yes,no,no,no,0.0
11.6,84,32,34,7,slack_work,yes,no,female,yes,no,no,yes,no,1,0.2107623,yes,yes,yes,yes,yes,0.4215246
5.8,186,61,37,1,slack_work,no,no,male,yes,no,yes,yes,no,9,0.6153846,yes,yes,yes,yes,yes,1.2307692
8.9,120,63,57,17,other,no,no,female,yes,yes,yes,no,no,4,0.5428572,no,yes,no,no,no,0.0
5.3,166,93,35,2,other,no,no,male,yes,yes,yes,yes,no,7,0.2554992,yes,no,yes,yes,yes,0.5109984
8.5,176,84,43,18,other,no,no,male,yes,yes,yes,yes,no,1,0.3432575,yes,yes,yes,yes,yes,0.686515
7.8,145,64,29,8,slack_work,yes,no,female,yes,yes,yes,yes,no,8,0.5042735,no,yes,yes,yes,yes,1.008547
9.1,214,23,36,2,slack_work,no,yes,male,yes,no,no,no,no,3,0.5193133,yes,yes,no,no,no,0.0
7.0,158,42,32,10,slack_work,no,no,female,yes,no,yes,yes,no,5,0.5648148,no,no,yes,yes,yes,1.1296296
4.4,120,46,37,1,seasonal_job_ended,no,no,male,yes,yes,yes,yes,no,3,0.2660944,yes,yes,yes,yes,yes,0.5321888
8.0,224,23,22,2,position_abolished,no,no,male,yes,yes,no,no,no,4,0.5208333,yes,no,no,no,no,0.0
5.0,159,54,59,5,position_abolished,no,no,male,yes,no,no,no,no,5,0.4968153,yes,yes,no,no,no,0.0
14.3,182,34,22,1,slack_work,no,no,male,yes,no,no,no,no,1,0.5289855,no,yes,no,no,no,0.0
8.5,125,21,33,1,slack_work,no,no,male,yes,yes,yes,no,no,1,0.3667546,yes,yes,no,no,no,0.0
7.5,177,41,21,1,other,no,no,male,yes,no,no,no,no,1,0.4965517,yes,no,no,no,no,0.0
8.2,197,73,26,3,slack_work,no,no,male,yes,yes,yes,yes,yes,5,0.5211864,yes,no,yes,yes,yes,1.0423728
4.0,255,14,23,1,slack_work,no,no,male,yes,yes,no,no,no,8,0.5,yes,no,no,no,no,0.0
6.0,198,41,33,4,slack_work,no,yes,male,yes,yes,yes,yes,yes,4,0.2937686,yes,no,yes,yes,yes,0.5875372
6.0,272,14,43,2,other,no,yes,male,yes,no,no,no,no,9,0.4349515,yes,yes,no,no,no,0.0
11.5,205,72,30,10,other,yes,no,male,yes,no,yes,yes,yes,4,0.5207547,yes,yes,yes,yes,yes,1.0415094
7.8,158,22,55,13,other,no,no,male,yes,yes,yes,no,no,2,0.3294798,yes,yes,no,no,no,0.0
6.8,181,81,36,5,seasonal_job_ended,no,no,male,yes,no,yes,yes,yes,7,0.2835051,yes,yes,yes,yes,yes,0.5670102
6.2,175,57,48,1,position_abolished,no,yes,male,yes,yes,yes,yes,no,10,0.2183544,yes,no,yes,yes,yes,0.4367088
4.8,185,14,35,11,other,no,yes,female,yes,yes,no,no,no,3,0.5,yes,yes,no,no,no,0.0
5.6,162,12,56,2,slack_work,no,yes,male,yes,yes,yes,no,no,9,0.2885033,yes,yes,no,no,no,0.0
4.3,129,45,47,2,other,no,no,male,yes,no,yes,yes,no,3,0.2586873,yes,yes,yes,yes,yes,0.5173746
5.3,166,93,61,8,slack_work,no,no,female,yes,yes,yes,yes,yes,7,0.3970588,no,yes,yes,yes,yes,0.7941176
7.5,177,41,31,8,slack_work,no,no,male,yes,no,yes,yes,yes,1,0.3530466,yes,no,yes,yes,yes,0.7060932
11.0,179,35,31,8,slack_work,no,yes,male,yes,yes,no,no,no,1,0.2989537,yes,yes,no,no,no,0.0
8.1,196,71,39,19,slack_work,no,no,female,yes,no,no,no,no,6,0.4983713,no,yes,no,no,no,0.0
10.8,188,94,48,2,other,no,no,male,yes,yes,no,yes,no,5,0.418552,yes,yes,yes,yes,yes,0.837104
7.5,115,58,57,5,slack_work,no,no,female,yes,no,yes,no,no,2,0.5202312,no,yes,no,no,no,0.0
6.7,166,93,21,2,other,no,yes,male,yes,yes,no,no,no,5,0.3959184,no,no,no,no,no,0.0
11.0,179,35,55,1,slack_work,no,no,female,yes,yes,no,no,no,1,0.5,yes,yes,no,no,no,0.0
10.1,136,71,51,11,other,no,no,male,yes,no,yes,yes,no,2,0.377892,yes,yes,yes,yes,yes,0.755784
8.3,154,15,53,6,position_abolished,no,no,male,yes,no,yes,no,no,2,0.3494737,yes,yes,no,no,no,0.0
5.6,200,59,35,2,other,no,no,male,yes,yes,yes,yes,yes,8,0.2004608,no,no,yes,yes,yes,0.4009216
6.7,270,16,37,1,slack_work,no,yes,male,yes,yes,yes,yes,yes,10,0.4980237,yes,yes,yes,yes,yes,0.9960474
5.2,145,86,31,5,slack_work,no,no,female,yes,yes,yes,yes,yes,8,0.2641509,no,yes,yes,yes,yes,0.5283018
6.7,270,16,33,3,slack_work,no,no,male,yes,yes,no,no,no,10,0.5,no,yes,no,no,no,0.0
6.2,217,74,47,3,slack_work,no,no,female,yes,yes,yes,no,no,9,0.5208333,no,yes,no,no,no,0.0
4.9,197,47,29,3,other,no,no,female,yes,yes,no,no,no,6,0.2820513,yes,no,no,no,no,0.0
4.5,184,56,28,4,position_abolished,yes,no,male,yes,yes,yes,yes,yes,6,0.5,yes,no,yes,yes,yes,1.0
9.7,166,93,28,5,other,no,no,male,yes,yes,yes,yes,yes,2,0.2590449,yes,yes,yes,yes,yes,0.5180898
8.1,161,33,55,32,slack_work,no,no,male,yes,no,no,no,no,5,0.3251029,yes,yes,no,no,no,0.0
3.5,228,56,34,12,other,yes,no,female,yes,yes,no,yes,yes,8,0.5,yes,yes,yes,yes,yes,1.0
6.3,191,41,61,16,other,no,no,male,yes,yes,yes,no,no,3,0.3523132,yes,yes,no,no,no,0.0
5.0,200,59,40,8,position_abolished,yes,no,male,yes,yes,no,no,no,7,0.4981685,yes,no,no,no,no,0.0
3.9,196,14,50,8,slack_work,no,no,male,yes,yes,yes,no,no,4,0.5,no,yes,no,no,no,0.0
5.3,96,32,58,28,other,no,no,male,yes,no,yes,yes,no,9,0.0959903,yes,no,yes,yes,yes,0.1919806
8.8,140,61,24,5,other,no,no,male,yes,no,yes,yes,yes,6,0.3509235,yes,yes,yes,yes,yes,0.701847
7.3,210,74,61,18,other,no,no,male,yes,yes,no,no,no,7,0.5210843,yes,yes,no,no,no,0.0
6.3,246,91,36,1,slack_work,yes,no,female,yes,no,yes,yes,no,10,0.3774319,no,yes,yes,yes,yes,0.7548638
9.0,124,11,52,1,other,no,no,female,yes,no,no,no,no,2,0.5904256,yes,yes,no,no,no,0.0
6.3,180,21,39,3,other,no,no,male,yes,yes,yes,yes,no,5,0.3277778,yes,yes,yes,yes,yes,0.6555556
8.0,185,82,27,10,other,no,no,male,yes,no,yes,yes,yes,6,0.4888268,yes,yes,yes,yes,yes,0.9776536
7.8,166,93,47,2,other,no,no,female,yes,yes,yes,yes,no,3,0.3954546,no,yes,yes,yes,yes,0.7909092
5.1,252,16,21,2,other,no,no,male,yes,yes,no,no,no,9,0.5,no,no,no,no,no,0.0
5.7,241,23,29,6,other,no,no,male,yes,yes,yes,yes,no,6,0.5195313,yes,no,yes,yes,yes,1.0390626
7.1,206,33,25,8,position_abolished,no,no,female,yes,no,yes,no,no,10,0.4158163,no,yes,no,no,no,0.0
5.2,165,83,39,4,slack_work,no,no,male,yes,no,yes,yes,no,1,0.516129,yes,no,yes,yes,yes,1.032258
7.2,168,12,45,1,slack_work,no,yes,male,yes,yes,yes,no,no,10,0.1979167,no,yes,no,no,no,0.0
5.8,166,93,38,5,other,yes,no,female,yes,yes,yes,yes,no,6,0.3924051,no,yes,yes,yes,yes,0.7848102
5.0,229,84,28,1,other,no,no,male,yes,no,no,no,no,10,0.6021127,yes,no,no,no,no,0.0
9.7,166,93,41,2,other,no,no,female,yes,yes,no,yes,no,2,0.3950617,yes,no,yes,yes,yes,0.7901234
5.6,162,12,33,8,slack_work,no,no,female,yes,yes,no,no,no,9,0.365019,no,yes,no,no,no,0.0
6.7,197,73,24,2,seasonal_job_ended,no,yes,male,yes,no,no,no,no,10,0.520202,no,yes,no,no,no,0.0
6.6,291,22,56,21,slack_work,no,yes,male,yes,yes,no,yes,no,10,0.2771084,yes,yes,yes,yes,yes,0.5542168
6.6,165,62,28,1,other,no,yes,male,yes,yes,no,no,no,10,0.4040404,yes,no,no,no,no,0.0
11.2,197,34,53,7,slack_work,no,no,male,yes,no,yes,no,no,3,0.3285024,yes,yes,no,no,no,0.0
7.7,213,84,31,1,slack_work,no,yes,female,yes,yes,yes,yes,yes,6,0.601626,no,no,yes,yes,yes,1.203252
9.4,136,93,32,2,slack_work,no,no,male,yes,no,yes,yes,yes,1,0.1549439,yes,yes,yes,yes,yes,0.3098878
5.3,166,93,33,3,slack_work,no,no,female,yes,yes,yes,no,no,7,0.3944954,no,yes,no,no,no,0.0
9.7,166,93,28,3,other,no,no,male,yes,yes,no,no,no,2,0.2549857,yes,yes,no,no,no,0.0
9.7,166,93,42,20,other,no,no,female,yes,no,no,no,no,2,0.3314815,yes,yes,no,no,no,0.0
5.7,106,46,28,4,slack_work,no,yes,male,yes,no,yes,no,no,2,0.2662037,yes,yes,no,no,no,0.0
5.4,167,56,39,12,other,yes,no,female,yes,no,no,yes,no,4,0.5,yes,no,yes,yes,yes,1.0
10.8,105,64,43,3,slack_work,yes,no,male,yes,no,no,yes,yes,3,0.5,yes,yes,yes,yes,yes,1.0
4.6,186,42,43,5,other,no,no,male,yes,no,yes,no,no,10,0.566265,yes,yes,no,no,no,0.0
11.5,110,62,37,1,position_abolished,no,yes,male,yes,yes,yes,yes,yes,2,0.1819572,yes,yes,yes,yes,yes,0.3639144
8.4,203,74,49,4,other,no,no,female,yes,yes,no,no,no,6,0.518797,yes,yes,no,no,no,0.0
8.0,168,74,49,20,other,no,no,male,yes,yes,yes,no,no,2,0.5206186,yes,no,no,no,no,0.0
5.5,169,31,57,2,slack_work,no,no,male,yes,yes,yes,no,no,8,0.5,yes,no,no,no,no,0.0
4.7,165,57,37,2,other,no,no,male,yes,yes,yes,yes,no,9,0.2361111,yes,no,yes,yes,yes,0.4722222
6.2,225,51,40,2,slack_work,no,no,male,yes,yes,yes,no,no,10,0.4981949,yes,yes,no,no,no,0.0
7.8,145,64,22,1,slack_work,yes,no,male,yes,no,yes,yes,yes,8,0.4955752,yes,no,yes,yes,yes,0.9911504
4.7,165,57,52,10,other,yes,no,male,yes,yes,no,yes,no,9,0.5,no,yes,yes,yes,yes,1.0
5.3,96,32,24,4,other,no,no,female,yes,no,yes,no,no,7,0.478022,no,yes,no,no,no,0.0
4.2,181,42,26,1,other,no,no,male,yes,yes,no,no,no,9,0.5668016,yes,no,no,no,no,0.0
4.2,167,54,40,18,slack_work,no,no,male,yes,yes,yes,yes,no,6,0.3032629,yes,yes,yes,yes,yes,0.6065258
4.7,129,45,59,3,other,no,no,male,yes,no,yes,no,no,5,0.2351852,yes,yes,no,no,no,0.0
7.2,209,71,22,4,other,yes,no,male,yes,no,no,no,no,8,0.4976959,yes,no,no,no,no,0.0
12.3,147,31,26,1,slack_work,no,no,male,yes,yes,no,no,no,1,0.245142,no,yes,no,no,no,0.0
3.9,176,54,30,7,slack_work,yes,no,female,yes,yes,no,yes,yes,8,0.5207101,yes,no,yes,yes,yes,1.0414202
8.9,147,31,34,2,slack_work,no,no,male,yes,no,no,no,no,4,0.504,no,no,no,no,no,0.0
3.9,141,12,20,2,seasonal_job_ended,no,no,female,yes,no,no,no,no,4,0.625,yes,no,no,no,no,0.0
5.8,166,93,33,2,other,no,no,female,yes,yes,yes,yes,yes,6,0.3909774,no,no,yes,yes,yes,0.7819548
6.0,272,14,22,2,slack_work,no,no,male,yes,yes,no,no,no,9,0.5015197,no,yes,no,no,no,0.0
4.3,183,44,33,5,position_abolished,no,no,female,yes,no,no,no,no,8,0.3974359,yes,no,no,no,no,0.0
9.2,154,85,22,1,slack_work,no,no,male,yes,no,no,no,no,5,0.4983051,no,yes,no,no,no,0.0
9.9,197,34,24,4,position_abolished,no,no,female,yes,no,no,no,no,4,0.4893617,no,yes,no,no,no,0.0
7.1,206,33,60,2,slack_work,no,no,male,yes,yes,no,no,no,10,0.2579114,yes,yes,no,no,no,0.0
5.1,166,93,41,3,other,no,no,male,yes,yes,yes,yes,no,8,0.3692308,yes,no,yes,yes,yes,0.7384616
8.8,197,34,29,11,slack_work,no,no,male,yes,yes,yes,yes,yes,5,0.4885496,yes,no,yes,yes,yes,0.9770992
6.6,224,74,26,3,slack_work,yes,no,male,yes,yes,yes,yes,yes,10,0.4481013,yes,yes,yes,yes,yes,0.8962026
9.0,197,73,40,1,other,no,no,male,yes,no,yes,yes,no,2,0.4104046,yes,yes,yes,yes,yes,0.8208092
3.5,228,56,40,1,other,no,no,male,yes,yes,no,no,no,8,0.5,yes,no,no,no,no,0.0
9.1,145,81,30,1,position_abolished,no,yes,female,yes,no,yes,no,no,1,0.502994,no,no,no,no,no,0.0
6.0,157,31,27,2,other,no,no,male,yes,yes,yes,yes,yes,7,0.3142857,yes,no,yes,yes,yes,0.6285714
3.5,156,12,28,5,other,no,yes,male,yes,yes,yes,no,no,8,0.2830189,yes,yes,no,no,no,0.0
7.2,209,71,35,7,other,no,no,male,yes,yes,yes,yes,yes,8,0.5,yes,yes,yes,yes,yes,1.0
9.0,161,33,43,6,slack_work,no,no,male,yes,yes,yes,yes,yes,4,0.48,yes,yes,yes,yes,yes,0.96
5.7,165,86,41,1,other,no,yes,male,yes,no,no,no,no,10,0.5164835,no,no,no,no,no,0.0
5.5,150,43,23,2,slack_work,no,no,male,yes,yes,yes,yes,yes,8,0.3258145,yes,yes,yes,yes,yes,0.651629
8.0,143,42,29,10,other,no,no,male,yes,yes,yes,yes,yes,4,0.1606742,yes,no,yes,yes,yes,0.3213484
14.3,182,34,28,2,other,no,no,male,yes,no,yes,yes,yes,1,0.5205128,yes,no,yes,yes,yes,1.0410256
6.1,206,82,31,10,slack_work,no,yes,male,yes,no,no,no,no,10,0.4980545,yes,yes,no,no,no,0.0
3.6,134,46,26,2,other,no,no,male,yes,yes,no,yes,yes,7,0.54,yes,yes,yes,yes,yes,1.08
11.4,168,33,41,11,other,yes,no,male,yes,yes,no,no,no,2,0.279321,no,yes,no,no,no,0.0
4.7,165,57,55,14,position_abolished,no,no,male,yes,yes,yes,no,no,9,0.3675676,no,yes,no,no,no,0.0
7.2,120,63,29,1,other,no,no,male,yes,yes,yes,no,no,7,0.402214,yes,no,no,no,no,0.0
7.5,177,41,25,2,other,no,yes,female,yes,no,no,yes,yes,1,0.5,yes,yes,yes,yes,yes,1.0
5.7,203,22,35,12,seasonal_job_ended,no,no,female,yes,yes,yes,yes,no,4,0.6,no,yes,yes,yes,yes,1.2
5.1,166,93,24,5,other,no,no,male,yes,yes,no,no,no,8,0.3917051,no,yes,no,no,no,0.0
9.3,140,61,27,3,other,no,no,male,yes,no,yes,yes,yes,5,0.3285372,yes,no,yes,yes,yes,0.6570744
11.2,197,34,46,5,slack_work,yes,yes,male,yes,yes,yes,yes,no,3,0.4879227,yes,yes,yes,yes,yes,0.9758454
5.3,155,86,24,1,slack_work,no,yes,male,yes,yes,yes,yes,yes,9,0.3890578,yes,yes,yes,yes,yes,0.7781156
9.2,136,88,31,3,other,no,no,male,yes,no,no,no,no,1,0.4010554,yes,yes,no,no,no,0.0
8.2,197,34,36,18,other,no,no,female,yes,yes,yes,yes,no,6,0.3589251,no,yes,yes,yes,yes,0.7178502
3.9,196,14,30,8,slack_work,no,no,male,yes,yes,no,no,no,4,0.5,no,yes,no,no,no,0.0
10.8,225,55,39,2,slack_work,no,no,male,yes,no,yes,yes,no,6,0.3,yes,yes,yes,yes,yes,0.6
8.2,197,34,27,4,slack_work,no,no,male,yes,yes,yes,yes,yes,6,0.410989,yes,yes,yes,yes,yes,0.821978
14.3,182,34,56,4,other,no,no,male,yes,no,yes,no,no,1,0.3637993,yes,yes,no,no,no,0.0
6.7,210,74,20,1,slack_work,yes,yes,male,yes,yes,no,no,no,8,0.521978,yes,no,no,no,no,0.0
8.8,204,92,48,3,other,no,no,male,yes,yes,yes,yes,no,4,0.3317073,yes,yes,yes,yes,yes,0.6634146
7.2,260,21,36,1,other,no,no,male,yes,yes,yes,yes,no,10,0.5,no,yes,yes,yes,yes,1.0
9.2,136,88,25,1,seasonal_job_ended,no,no,male,yes,no,yes,yes,yes,1,0.2096552,yes,yes,yes,yes,yes,0.4193104
3.2,220,14,34,4,slack_work,no,yes,male,yes,yes,yes,yes,yes,6,0.3992322,yes,yes,yes,yes,yes,0.7984644
5.7,106,46,45,5,position_abolished,no,no,male,yes,yes,yes,yes,no,1,0.2205607,yes,yes,yes,yes,yes,0.4411214
7.5,210,93,22,2,slack_work,no,no,male,yes,yes,no,no,no,10,0.3001808,yes,yes,no,no,no,0.0
8.1,161,33,49,20,other,no,no,male,yes,no,no,no,no,5,0.4779661,yes,yes,no,no,no,0.0
5.5,169,31,50,10,position_abolished,no,no,female,yes,yes,yes,yes,no,8,0.3273942,no,yes,yes,yes,yes,0.6547884
7.3,210,74,38,14,other,no,no,male,yes,yes,yes,no,no,7,0.1400293,no,no,no,no,no,0.0
10.5,251,55,49,1,other,no,yes,male,yes,yes,yes,yes,yes,10,0.5012658,yes,yes,yes,yes,yes,1.0025316
8.6,84,32,28,4,slack_work,no,no,male,yes,yes,yes,yes,yes,3,0.4202898,yes,yes,yes,yes,yes,0.8405796
9.4,147,31,30,5,slack_work,no,yes,male,yes,yes,no,no,no,3,0.0978751,yes,yes,no,no,no,0.0
10.3,190,23,23,6,slack_work,no,no,male,yes,yes,no,no,no,1,0.518797,yes,yes,no,no,no,0.0
5.5,238,92,23,3,other,no,yes,male,yes,yes,yes,no,no,9,0.35,yes,yes,no,no,no,0.0
10.0,136,71,45,3,other,no,no,male,yes,no,yes,no,no,1,0.4064171,yes,yes,no,no,no,0.0
7.8,166,93,52,8,other,no,no,male,yes,yes,yes,yes,no,3,0.3935743,yes,no,yes,yes,yes,0.7871486
6.5,125,58,25,1,slack_work,no,no,male,yes,no,yes,no,no,4,0.52,no,yes,no,no,no,0.0
6.8,176,33,47,16,other,no,no,male,yes,yes,no,no,no,7,0.2930403,yes,no,no,no,no,0.0
6.2,199,33,55,3,other,no,no,male,yes,yes,no,no,no,9,0.346723,no,yes,no,no,no,0.0
12.4,183,72,58,34,other,no,no,male,yes,yes,yes,no,no,1,0.519403,yes,yes,no,no,no,0.0
12.4,183,72,36,2,position_abolished,no,yes,male,yes,no,yes,yes,no,1,0.3655914,yes,yes,yes,yes,yes,0.7311828
7.2,260,21,27,1,slack_work,no,no,female,yes,no,no,no,no,10,0.5021097,no,yes,no,no,no,0.0
4.4,225,35,26,1,other,no,yes,male,yes,yes,no,yes,no,9,0.5197569,yes,yes,yes,yes,yes,1.0395138
7.5,145,64,56,26,other,yes,yes,male,yes,no,no,no,no,9,0.2408907,no,yes,no,no,no,0.0
8.0,143,42,48,13,slack_work,no,no,female,yes,yes,no,no,no,4,0.3122271,yes,yes,no,no,no,0.0
5.5,169,31,32,2,slack_work,no,no,male,yes,no,no,no,no,8,0.5,no,yes,no,no,no,0.0
6.6,190,84,29,3,slack_work,no,no,male,yes,no,yes,no,no,2,0.474537,yes,yes,no,no,no,0.0
7.8,158,22,31,2,position_abolished,no,yes,male,yes,yes,yes,yes,yes,2,0.452381,yes,no,yes,yes,yes,0.904762
5.5,169,31,39,14,position_abolished,no,no,male,yes,no,no,no,no,8,0.2752809,yes,yes,no,no,no,0.0
8.1,158,42,38,6,other,no,no,female,yes,yes,no,yes,yes,2,0.5642857,yes,no,yes,yes,yes,1.1285714
6.7,197,73,24,1,slack_work,no,yes,male,yes,yes,no,no,no,10,0.520202,yes,no,no,no,no,0.0
8.6,145,64,31,12,slack_work,yes,no,female,yes,no,yes,yes,no,10,0.5,no,no,yes,yes,yes,1.0
11.7,148,33,40,3,position_abolished,no,no,male,yes,yes,yes,yes,no,1,0.2310924,yes,yes,yes,yes,yes,0.4621848
7.0,158,42,32,6,other,no,no,female,yes,no,yes,yes,yes,5,0.5149502,no,no,yes,yes,yes,1.0299004
5.1,166,93,37,4,slack_work,no,no,male,yes,yes,no,no,no,8,0.2074928,no,yes,no,no,no,0.0
8.2,191,41,29,1,slack_work,no,no,male,yes,no,yes,no,no,2,0.5,yes,yes,no,no,no,0.0
5.2,245,21,41,1,slack_work,no,yes,female,yes,yes,no,no,no,9,0.5,yes,no,no,no,no,0.0
9.0,161,33,54,15,slack_work,no,no,male,yes,no,no,no,no,4,0.4791667,yes,no,no,no,no,0.0
6.9,172,14,33,1,slack_work,no,yes,male,yes,yes,no,no,no,2,0.307438,no,no,no,no,no,0.0
4.2,167,54,28,11,slack_work,no,no,male,yes,yes,yes,yes,yes,6,0.512987,yes,no,yes,yes,yes,1.025974
4.9,126,46,21,1,other,no,no,male,yes,no,yes,no,no,6,0.3352113,yes,yes,no,no,no,0.0
5.2,163,47,28,2,slack_work,no,no,male,yes,yes,yes,yes,yes,3,0.4082126,yes,yes,yes,yes,yes,0.8164252
14.6,90,64,27,1,slack_work,no,no,male,yes,no,no,no,no,1,0.4484305,no,yes,no,no,no,0.0
7.2,260,21,37,2,other,yes,no,male,yes,yes,no,no,no,10,0.4974093,yes,no,no,no,no,0.0
6.8,176,33,27,10,position_abolished,no,no,female,yes,yes,yes,yes,yes,7,0.4889868,no,yes,yes,yes,yes,0.9779736
5.8,245,56,21,1,slack_work,yes,no,male,yes,no,no,no,no,10,0.5,no,yes,no,no,no,0.0
8.0,224,23,30,5,slack_work,no,yes,male,yes,yes,yes,yes,yes,4,0.5090909,yes,no,yes,yes,yes,1.0181818
7.0,189,74,34,2,position_abolished,no,yes,female,yes,yes,yes,yes,no,4,0.52,no,yes,yes,yes,yes,1.04
7.4,166,81,39,2,other,no,no,male,yes,no,no,no,no,3,0.4983923,yes,yes,no,no,no,0.0
6.9,215,71,31,4,slack_work,no,no,female,yes,yes,yes,yes,yes,9,0.5019608,no,yes,yes,yes,yes,1.0039216
6.9,215,71,29,1,slack_work,no,yes,male,yes,no,yes,yes,yes,9,0.5,yes,yes,yes,yes,yes,1.0
5.3,175,56,55,34,other,yes,no,male,yes,yes,yes,no,no,5,0.3503055,yes,yes,no,no,no,0.0
8.6,125,59,34,1,slack_work,no,no,female,yes,no,yes,yes,no,2,0.5027933,no,yes,yes,yes,yes,1.0055866
6.9,215,71,54,1,slack_work,no,no,male,yes,no,yes,no,no,9,0.4979757,yes,yes,no,no,no,0.0
9.4,147,31,38,13,other,no,no,male,yes,no,yes,no,no,3,0.4974093,yes,yes,no,no,no,0.0
6.3,135,13,24,5,slack_work,no,no,male,yes,no,no,no,no,1,0.5,yes,yes,no,no,no,0.0
6.9,153,52,57,1,seasonal_job_ended,no,no,female,yes,yes,no,no,no,2,0.537931,no,yes,no,no,no,0.0
6.9,125,86,28,9,other,no,no,male,yes,yes,yes,no,no,5,0.3297587,yes,yes,no,no,no,0.0
6.6,224,74,34,2,slack_work,no,yes,female,yes,yes,no,no,no,10,0.5177866,yes,no,no,no,no,0.0
6.3,150,59,30,1,slack_work,no,yes,male,yes,yes,yes,no,no,3,0.332618,yes,no,no,no,no,0.0
6.4,96,32,56,7,other,no,yes,male,yes,no,yes,no,no,6,0.1560892,yes,yes,no,no,no,0.0
8.5,212,94,36,3,other,no,no,male,yes,no,yes,no,no,10,0.2816189,no,yes,no,no,no,0.0
11.4,168,33,24,4,slack_work,yes,no,male,yes,yes,no,no,no,2,0.5,yes,yes,no,no,no,0.0
14.6,90,64,34,6,slack_work,no,no,male,yes,no,yes,yes,yes,1,0.1992032,yes,yes,yes,yes,yes,0.3984064
9.0,161,33,29,7,slack_work,yes,no,male,yes,yes,no,no,no,4,0.4786885,no,yes,no,no,no,0.0
6.0,187,33,60,5,slack_work,no,yes,male,yes,yes,no,no,no,8,0.3732719,yes,yes,no,no,no,0.0
4.0,228,22,25,2,other,yes,no,male,yes,yes,no,no,no,6,0.5991561,yes,no,no,no,no,0.0
4.0,255,14,43,24,other,no,no,male,yes,yes,yes,no,no,8,0.3640857,yes,no,no,no,no,0.0
6.7,210,74,32,2,slack_work,no,no,male,yes,yes,yes,yes,yes,8,0.518732,yes,yes,yes,yes,yes,1.037464
5.9,200,59,45,10,other,no,no,male,yes,yes,yes,yes,no,9,0.498155,yes,yes,yes,yes,yes,0.99631
9.7,166,93,28,2,slack_work,no,yes,male,yes,yes,yes,yes,yes,2,0.1969197,yes,no,yes,yes,yes,0.3938394
5.6,175,44,29,3,slack_work,no,yes,male,yes,no,yes,no,no,2,0.5,yes,yes,no,no,no,0.0
11.7,148,33,23,3,slack_work,no,no,female,yes,yes,no,yes,no,1,0.2763819,no,yes,yes,yes,yes,0.5527638
7.5,145,85,45,15,slack_work,no,no,female,yes,yes,yes,no,no,3,0.5024155,no,no,no,no,no,0.0
9.7,166,93,44,8,slack_work,no,no,male,yes,yes,yes,yes,no,2,0.3938224,yes,no,yes,yes,yes,0.7876448
5.3,175,59,21,1,position_abolished,no,no,male,yes,yes,no,no,no,6,0.5,no,no,no,no,no,0.0
10.5,251,55,45,5,other,no,no,female,yes,no,yes,no,no,10,0.5205479,no,yes,no,no,no,0.0
10.5,251,55,23,2,seasonal_job_ended,no,no,male,yes,no,no,no,no,10,0.5238096,no,yes,no,no,no,0.0
6.3,135,86,25,1,other,no,no,male,yes,yes,no,no,no,7,0.521978,no,no,no,no,no,0.0
10.5,251,55,38,5,other,yes,no,male,yes,no,yes,yes,no,10,0.5012658,yes,yes,yes,yes,yes,1.0025316
11.7,148,33,56,6,slack_work,no,no,female,yes,yes,no,no,no,1,0.3947369,yes,yes,no,no,no,0.0
9.1,145,81,36,6,other,no,no,male,yes,no,yes,yes,yes,1,0.3227092,yes,no,yes,yes,yes,0.6454184
7.2,209,71,39,4,slack_work,yes,yes,male,yes,no,yes,yes,yes,8,0.2981878,yes,no,yes,yes,yes,0.5963756
8.3,245,55,29,8,other,no,no,male,yes,no,yes,yes,yes,9,0.5208333,yes,yes,yes,yes,yes,1.0416666
8.9,147,31,32,11,slack_work,no,no,male,yes,no,yes,no,no,4,0.294,yes,no,no,no,no,0.0
6.0,187,33,24,6,slack_work,no,no,female,yes,yes,yes,yes,yes,8,0.4935897,no,yes,yes,yes,yes,0.9871794
8.6,142,85,33,3,slack_work,no,no,male,yes,no,yes,no,no,2,0.5,yes,yes,no,no,no,0.0
6.0,247,92,22,2,slack_work,no,no,male,yes,yes,no,no,no,10,0.4113924,no,yes,no,no,no,0.0
8.7,189,71,37,9,other,no,yes,male,yes,yes,yes,yes,no,5,0.2444152,yes,yes,yes,yes,yes,0.4888304
7.5,210,93,23,1,other,no,no,male,yes,yes,yes,no,no,10,0.3936652,yes,yes,no,no,no,0.0
5.1,166,93,47,2,slack_work,no,no,male,yes,yes,yes,yes,no,8,0.3893805,yes,no,yes,yes,yes,0.778761
7.1,206,33,53,1,slack_work,no,no,male,yes,yes,no,no,no,10,0.2425595,no,yes,no,no,no,0.0
5.5,238,92,33,5,other,no,no,female,yes,no,yes,yes,no,9,0.6484848,no,yes,yes,yes,yes,1.2969696
14.3,182,34,21,1,other,no,no,male,yes,no,no,yes,no,1,0.5280899,no,yes,yes,yes,yes,1.0561798
6.2,199,33,43,2,position_abolished,no,yes,male,yes,yes,yes,yes,no,9,0.2847222,yes,no,yes,yes,yes,0.5694444
5.4,190,47,34,2,slack_work,no,yes,male,yes,no,yes,yes,yes,5,0.5561224,yes,no,yes,yes,yes,1.1122448
5.5,120,46,26,2,position_abolished,no,no,female,yes,no,yes,yes,no,4,0.54,no,yes,yes,yes,yes,1.08
9.3,140,61,31,10,other,no,no,male,yes,yes,yes,yes,yes,5,0.2790224,yes,yes,yes,yes,yes,0.5580448
3.6,204,56,23,2,slack_work,no,no,female,yes,yes,yes,yes,yes,7,0.5023924,no,yes,yes,yes,yes,1.0047848
12.0,205,72,32,4,other,yes,yes,female,yes,no,no,yes,no,6,0.5183486,yes,yes,yes,yes,yes,1.0366972
5.8,166,93,31,2,slack_work,yes,yes,male,yes,yes,yes,yes,yes,6,0.3931398,yes,no,yes,yes,yes,0.7862796
6.0,156,16,37,5,other,no,no,male,yes,yes,yes,yes,yes,2,0.5,yes,yes,yes,yes,yes,1.0
4.5,129,45,25,1,other,no,no,male,yes,no,no,no,no,1,0.5,yes,no,no,no,no,0.0
5.2,252,23,54,23,other,no,no,female,yes,yes,yes,no,no,7,0.5190312,no,yes,no,no,no,0.0
9.4,197,92,37,1,other,no,no,male,yes,no,yes,no,no,3,0.6516129,yes,no,no,no,no,0.0
5.7,175,59,33,5,other,no,yes,male,yes,yes,yes,yes,no,5,0.1945701,yes,no,yes,yes,yes,0.3891402
9.7,166,93,26,6,other,yes,no,female,yes,yes,no,no,no,2,0.3938356,no,yes,no,no,no,0.0
5.7,165,86,42,5,other,no,yes,male,yes,yes,yes,yes,no,10,0.2742616,yes,yes,yes,yes,yes,0.5485232
5.2,252,23,39,1,other,no,no,male,yes,yes,no,no,no,7,0.52,no,yes,no,no,no,0.0
8.9,166,56,45,29,other,no,no,male,yes,no,yes,no,no,2,0.5,yes,no,no,no,no,0.0
6.7,166,56,36,3,other,no,no,male,yes,yes,no,no,no,3,0.4983923,no,no,no,no,no,0.0
6.3,194,44,53,6,other,no,no,female,yes,yes,yes,no,no,5,0.5,no,no,no,no,no,0.0
7.4,166,81,26,2,other,no,no,male,yes,yes,yes,yes,no,3,0.2213642,yes,yes,yes,yes,yes,0.4427284
7.5,210,93,45,4,slack_work,yes,no,male,yes,yes,no,no,no,10,0.3950954,yes,yes,no,no,no,0.0
2.2,134,46,29,1,slack_work,no,no,male,yes,no,yes,yes,yes,9,0.5428572,yes,no,yes,yes,yes,1.0857144
4.5,266,23,26,9,other,no,no,female,yes,yes,yes,no,no,8,0.5185185,no,yes,no,no,no,0.0
5.1,172,44,32,4,other,no,yes,male,yes,yes,yes,yes,yes,3,0.5024155,yes,no,yes,yes,yes,1.004831
2.5,150,12,38,1,slack_work,no,no,male,yes,no,yes,yes,no,6,0.5772358,yes,no,yes,yes,yes,1.1544716
3.5,228,56,40,1,position_abolished,no,no,female,yes,no,yes,yes,no,8,0.5,no,yes,yes,yes,yes,1.0
6.5,125,58,31,9,slack_work,no,no,male,yes,yes,yes,yes,no,4,0.2777778,yes,yes,yes,yes,yes,0.5555556
5.8,245,56,28,1,slack_work,yes,yes,female,yes,no,yes,yes,yes,10,0.5034482,no,no,yes,yes,yes,1.0068964
6.7,210,74,27,1,seasonal_job_ended,no,no,male,yes,no,yes,yes,yes,8,0.1748319,yes,no,yes,yes,yes,0.3496638
5.2,252,23,35,3,slack_work,no,no,male,yes,yes,no,no,no,7,0.5201465,no,yes,no,no,no,0.0
4.5,129,45,41,5,position_abolished,no,no,female,yes,no,no,yes,no,1,0.5,yes,no,yes,yes,yes,1.0
9.8,120,63,43,4,other,no,no,female,yes,yes,no,no,no,5,0.5408163,yes,yes,no,no,no,0.0
4.5,266,23,52,1,slack_work,no,yes,male,yes,yes,yes,no,no,8,0.5172414,yes,yes,no,no,no,0.0
5.1,180,21,60,4,slack_work,no,no,female,yes,yes,yes,no,no,8,0.5,no,yes,no,no,no,0.0
6.8,150,59,21,2,slack_work,no,no,male,yes,yes,yes,no,no,4,0.5,yes,yes,no,no,no,0.0
5.1,193,82,23,1,slack_work,no,no,male,yes,no,yes,no,no,8,0.4976959,yes,no,no,no,no,0.0
5.8,198,54,55,3,other,yes,yes,male,yes,yes,no,no,no,10,0.5189874,no,no,no,no,no,0.0
4.3,129,45,61,8,position_abolished,no,no,female,yes,no,yes,no,no,3,0.5024155,no,no,no,no,no,0.0
11.0,179,35,25,5,slack_work,no,no,male,yes,no,yes,no,no,1,0.5013477,yes,yes,no,no,no,0.0
4.9,221,87,44,10,position_abolished,no,yes,male,yes,yes,yes,yes,no,10,0.3691983,yes,no,yes,yes,yes,0.7383966
6.3,135,86,31,1,other,no,no,male,yes,yes,no,no,no,7,0.2703297,no,no,no,no,no,0.0
6.8,232,23,60,20,other,yes,no,male,yes,yes,yes,yes,no,5,0.519084,yes,yes,yes,yes,yes,1.038168
8.5,176,84,31,7,other,yes,no,male,yes,yes,yes,yes,yes,1,0.4091858,yes,yes,yes,yes,yes,0.8183716
11.9,110,62,41,2,seasonal_job_ended,yes,no,male,yes,yes,yes,yes,yes,1,0.42,yes,yes,yes,yes,yes,0.84
5.1,172,44,21,1,other,no,no,male,yes,yes,no,yes,no,3,0.4983923,no,no,yes,yes,yes,0.9967846
4.0,255,14,29,1,other,no,no,male,yes,no,yes,no,no,8,0.5,yes,yes,no,no,no,0.0
4.0,255,14,32,2,slack_work,no,no,male,yes,yes,yes,no,no,8,0.4900222,no,yes,no,no,no,0.0
12.4,90,63,43,7,slack_work,yes,yes,male,yes,no,no,no,no,1,0.5436242,no,yes,no,no,no,0.0
5.9,185,81,50,2,seasonal_job_ended,yes,no,male,yes,yes,yes,yes,no,8,0.3709677,yes,yes,yes,yes,yes,0.7419354
9.7,166,93,36,4,other,no,no,male,yes,yes,yes,yes,yes,2,0.3944444,yes,yes,yes,yes,yes,0.7888888
12.4,90,63,35,4,slack_work,no,yes,male,yes,yes,yes,yes,yes,1,0.2564103,yes,yes,yes,yes,yes,0.5128206
3.1,225,15,20,1,slack_work,no,no,female,yes,yes,no,no,no,7,0.5989011,no,no,no,no,no,0.0
5.4,167,56,28,5,slack_work,no,no,female,yes,yes,no,yes,no,4,0.5,yes,no,yes,yes,yes,1.0
5.5,169,31,22,2,position_abolished,no,no,male,yes,yes,no,no,no,8,0.5,no,no,no,no,no,0.0
8.4,203,74,55,12,slack_work,no,yes,male,yes,yes,yes,no,no,6,0.517588,yes,yes,no,no,no,0.0
7.5,210,93,42,2,other,no,no,male,yes,yes,yes,yes,no,10,0.350211,yes,yes,yes,yes,yes,0.700422
6.2,209,91,35,3,other,no,no,female,yes,yes,no,yes,no,8,0.5192308,yes,no,yes,yes,yes,1.0384616
7.2,150,63,39,8,slack_work,no,no,male,yes,yes,yes,yes,no,10,0.341954,yes,yes,yes,yes,yes,0.683908
5.6,197,73,25,1,seasonal_job_ended,yes,no,male,yes,yes,no,no,no,8,0.5192308,yes,no,no,no,no,0.0
12.3,147,31,37,13,other,no,no,female,yes,yes,yes,yes,no,1,0.5016611,no,yes,yes,yes,yes,1.0033222
5.7,165,86,25,3,slack_work,no,yes,male,yes,yes,yes,yes,no,10,0.513834,no,no,yes,yes,yes,1.027668
7.3,225,59,23,2,other,no,no,male,yes,yes,no,no,no,10,0.5023041,no,yes,no,no,no,0.0
6.7,270,16,32,2,slack_work,no,yes,male,yes,yes,no,no,no,10,0.4896552,no,yes,no,no,no,0.0
7.5,188,11,36,5,other,no,no,male,yes,no,yes,yes,no,10,0.3371041,yes,yes,yes,yes,yes,0.6742082
9.4,136,93,57,15,slack_work,no,no,female,yes,yes,yes,no,no,1,0.3146998,no,yes,no,no,no,0.0
7.3,225,59,21,2,slack_work,yes,no,male,yes,yes,no,no,no,10,0.4981949,no,yes,no,no,no,0.0
10.2,130,64,36,4,other,no,no,male,yes,no,no,no,no,6,0.5026455,yes,no,no,no,no,0.0
8.0,224,23,42,2,other,no,no,male,yes,yes,yes,no,no,4,0.52,yes,no,no,no,no,0.0
9.2,276,34,42,23,other,no,no,male,yes,yes,yes,no,no,10,0.4599156,yes,yes,no,no,no,0.0
6.7,90,32,57,5,slack_work,no,yes,male,yes,no,yes,no,no,5,0.3728814,yes,yes,no,no,no,0.0
7.5,188,11,50,2,other,no,no,male,yes,no,yes,no,no,10,0.4185393,yes,yes,no,no,no,0.0
6.2,170,22,25,3,other,no,no,male,yes,yes,no,no,no,3,0.6666667,no,yes,no,no,no,0.0
9.0,282,14,37,2,slack_work,no,no,male,yes,yes,yes,yes,yes,10,0.5,yes,yes,yes,yes,yes,1.0
5.5,202,88,36,1,slack_work,no,no,male,yes,yes,no,no,no,10,0.5189874,no,yes,no,no,no,0.0
10.5,251,55,30,4,other,no,no,male,yes,no,yes,yes,no,10,0.3132911,yes,yes,yes,yes,yes,0.6265822
7.5,188,11,32,3,slack_work,no,no,male,yes,no,yes,yes,no,10,0.5909091,no,yes,yes,yes,yes,1.1818182
5.4,139,11,39,17,other,no,no,male,yes,yes,yes,yes,no,4,0.4680135,yes,no,yes,yes,yes,0.936027
8.0,224,23,23,5,slack_work,no,no,female,yes,yes,yes,yes,yes,4,0.52,no,yes,yes,yes,yes,1.04
10.3,190,23,39,4,slack_work,yes,yes,female,yes,yes,no,yes,no,1,0.5179487,yes,yes,yes,yes,yes,1.0358974
5.1,180,11,26,3,slack_work,no,no,male,yes,no,yes,yes,yes,9,0.449848,yes,yes,yes,yes,yes,0.899696
7.3,225,59,37,2,other,no,no,male,yes,yes,no,no,no,10,0.5021097,no,no,no,no,no,0.0
6.7,210,74,34,3,slack_work,no,no,male,yes,yes,yes,yes,no,8,0.4364508,yes,no,yes,yes,yes,0.8729016
5.2,163,47,27,1,other,no,no,male,yes,yes,yes,no,no,3,0.4668508,yes,no,no,no,no,0.0
5.1,180,11,31,3,slack_work,no,no,male,yes,yes,yes,yes,yes,9,0.5911602,yes,yes,yes,yes,yes,1.1823204
9.4,136,93,23,1,position_abolished,no,yes,male,yes,yes,no,no,no,1,0.1603376,yes,yes,no,no,no,0.0
12.6,105,64,55,10,slack_work,yes,no,male,yes,no,yes,no,no,2,0.3487654,yes,yes,no,no,no,0.0
10.0,156,94,39,13,position_abolished,no,yes,female,yes,no,yes,yes,no,3,0.5225806,no,yes,yes,yes,yes,1.0451612
4.9,180,21,21,2,slack_work,no,no,male,yes,yes,no,no,no,6,0.5018868,no,yes,no,no,no,0.0
9.1,145,81,33,6,slack_work,no,no,male,yes,no,no,no,no,1,0.2862191,no,yes,no,no,no,0.0
7.2,168,12,43,4,slack_work,no,yes,male,yes,yes,no,no,no,10,0.414557,yes,yes,no,no,no,0.0
11.7,148,33,47,10,other,no,no,female,yes,yes,yes,yes,no,1,0.4977376,no,yes,yes,yes,yes,0.9954752
5.0,200,59,30,3,slack_work,no,yes,female,yes,yes,yes,yes,yes,7,0.4981685,no,no,yes,yes,yes,0.996337
3.1,225,15,42,3,slack_work,yes,no,male,yes,yes,yes,yes,yes,7,0.6008584,yes,yes,yes,yes,yes,1.2017168
7.1,206,33,34,2,other,no,no,male,yes,no,yes,yes,no,10,0.4683908,yes,yes,yes,yes,yes,0.9367816
8.2,191,41,26,2,slack_work,no,no,male,yes,no,yes,no,no,2,0.2724868,yes,yes,no,no,no,0.0
6.4,196,31,32,4,slack_work,no,no,male,yes,yes,yes,yes,yes,10,0.4905063,yes,no,yes,yes,yes,0.9810126
6.0,193,87,36,5,other,no,no,male,yes,yes,yes,yes,no,5,0.3009554,yes,yes,yes,yes,yes,0.6019108
6.9,291,23,30,2,slack_work,no,no,male,yes,yes,no,no,no,10,0.5177866,yes,yes,no,no,no,0.0
9.5,150,51,24,2,slack_work,yes,no,female,yes,no,no,no,no,1,0.4164588,no,yes,no,no,no,0.0
5.5,162,42,27,3,other,no,no,female,yes,no,no,no,no,6,0.566265,no,yes,no,no,no,0.0
5.8,166,93,37,10,other,no,yes,male,yes,yes,yes,yes,no,6,0.3184584,yes,yes,yes,yes,yes,0.6369168
4.3,200,35,58,25,other,no,no,male,yes,no,yes,no,no,7,0.236671,yes,yes,no,no,no,0.0
8.8,158,81,34,7,seasonal_job_ended,yes,no,male,yes,no,yes,yes,no,2,0.3326848,yes,yes,yes,yes,yes,0.6653696
6.1,206,82,36,2,slack_work,no,no,male,yes,no,no,no,no,10,0.4126582,no,yes,no,no,no,0.0
8.2,197,34,38,4,slack_work,no,no,male,yes,yes,yes,yes,no,6,0.2467019,yes,yes,yes,yes,yes,0.4934038
5.1,180,21,37,10,seasonal_job_ended,no,no,male,yes,yes,yes,no,no,8,0.2994242,yes,yes,no,no,no,0.0
6.7,210,74,45,1,other,no,no,male,yes,yes,yes,yes,yes,8,0.5192308,yes,no,yes,yes,yes,1.0384616
5.1,260,41,52,8,slack_work,no,no,male,yes,yes,no,no,no,10,0.5,yes,yes,no,no,no,0.0
6.7,166,56,27,2,other,no,no,female,yes,yes,yes,yes,yes,3,0.5024155,no,yes,yes,yes,yes,1.004831
6.0,157,31,37,13,slack_work,no,no,female,yes,no,no,yes,no,7,0.4914089,yes,yes,yes,yes,yes,0.9828178
8.9,147,31,24,1,slack_work,no,yes,female,yes,yes,no,no,no,4,0.5,yes,yes,no,no,no,0.0
11.7,148,33,58,14,other,no,no,male,yes,no,yes,no,no,1,0.2956989,yes,no,no,no,no,0.0
3.9,196,14,47,12,slack_work,no,no,male,yes,yes,yes,yes,no,4,0.4355555,yes,yes,yes,yes,yes,0.871111
7.7,147,74,34,2,other,no,yes,male,yes,yes,yes,yes,no,1,0.5215947,yes,no,yes,yes,yes,1.0431894
8.0,120,62,34,2,other,no,no,male,yes,yes,no,yes,no,5,0.2669683,yes,no,yes,yes,yes,0.5339366
5.6,162,12,34,1,slack_work,no,no,male,yes,no,yes,yes,yes,9,0.2692308,yes,yes,yes,yes,yes,0.5384616
5.0,200,59,33,1,other,no,no,male,yes,yes,no,no,no,7,0.455,yes,no,no,no,no,0.0
14.4,194,55,36,8,other,no,no,male,yes,no,yes,yes,no,1,0.4122137,yes,yes,yes,yes,yes,0.8244274
6.2,170,22,25,1,other,no,no,female,yes,yes,yes,no,no,3,0.6626506,no,yes,no,no,no,0.0
6.2,217,74,30,2,slack_work,yes,no,male,yes,no,no,no,no,9,0.5181818,no,yes,no,no,no,0.0
4.7,165,57,30,2,other,yes,no,female,yes,yes,no,yes,yes,9,0.5,yes,yes,yes,yes,yes,1.0
6.7,210,74,25,3,other,no,no,female,yes,yes,yes,yes,yes,8,0.523077,no,no,yes,yes,yes,1.046154
7.2,168,12,49,3,position_abolished,no,yes,male,yes,no,yes,no,no,10,0.2805907,no,no,no,no,no,0.0
7.3,210,74,48,14,other,no,no,female,yes,yes,no,no,no,7,0.4669927,yes,no,no,no,no,0.0
5.6,194,84,58,19,slack_work,no,no,male,yes,no,yes,yes,no,3,0.5984556,yes,yes,yes,yes,yes,1.1969112
6.9,291,23,58,6,other,no,no,female,yes,no,yes,no,no,10,0.522388,no,yes,no,no,no,0.0
8.0,168,74,39,16,slack_work,no,no,male,yes,yes,yes,yes,no,2,0.2681482,yes,no,yes,yes,yes,0.5362964
9.1,161,33,36,10,slack_work,no,no,male,yes,yes,yes,yes,no,3,0.461326,yes,yes,yes,yes,yes,0.922652
6.9,291,23,37,2,slack_work,no,no,male,yes,yes,yes,yes,yes,10,0.465587,yes,yes,yes,yes,yes,0.931174
6.9,188,94,38,2,position_abolished,no,no,male,yes,no,no,no,no,9,0.4930556,no,no,no,no,no,0.0
14.2,197,34,51,6,slack_work,no,no,male,yes,no,yes,yes,no,2,0.4786517,yes,yes,yes,yes,yes,0.9573034
8.1,171,81,52,16,slack_work,no,no,male,yes,yes,yes,no,no,5,0.4883721,yes,yes,no,no,no,0.0
8.2,197,73,34,15,other,no,yes,male,yes,no,yes,yes,yes,5,0.2809316,yes,no,yes,yes,yes,0.5618632
9.7,166,93,24,1,position_abolished,no,no,male,yes,yes,yes,no,no,2,0.3935185,yes,no,no,no,no,0.0
9.2,276,34,35,1,slack_work,no,yes,male,yes,yes,yes,yes,yes,10,0.3066104,yes,yes,yes,yes,yes,0.6132208
11.4,168,33,41,14,slack_work,no,yes,male,yes,yes,yes,yes,no,2,0.239418,yes,yes,yes,yes,yes,0.478836
8.6,225,55,41,1,slack_work,no,no,male,yes,yes,yes,no,no,8,0.5172414,yes,yes,no,no,no,0.0
5.9,182,74,28,1,slack_work,no,no,male,yes,no,yes,no,no,3,0.5217391,yes,no,no,no,no,0.0
9.0,282,14,52,10,other,no,yes,male,yes,yes,yes,no,no,10,0.262662,yes,yes,no,no,no,0.0
6.7,210,74,30,2,slack_work,no,no,male,yes,yes,yes,no,no,8,0.5192308,no,no,no,no,no,0.0
7.2,260,21,34,1,slack_work,no,no,male,yes,yes,no,no,no,10,0.5012658,yes,yes,no,no,no,0.0
6.7,210,74,33,2,position_abolished,yes,no,female,yes,yes,yes,no,no,8,0.5212766,no,no,no,no,no,0.0
10.2,130,64,21,2,slack_work,no,no,female,yes,no,no,no,no,6,0.5026455,no,no,no,no,no,0.0
5.5,120,46,28,2,other,no,no,male,yes,no,yes,no,no,4,0.5444444,yes,no,no,no,no,0.0
6.9,291,23,47,7,slack_work,no,no,male,yes,yes,yes,no,no,10,0.5189874,yes,yes,no,no,no,0.0
5.8,166,93,28,7,other,no,yes,male,yes,yes,no,no,no,6,0.1984829,yes,no,no,no,no,0.0
7.0,185,73,53,12,other,no,no,male,yes,yes,yes,no,no,3,0.2648276,yes,no,no,no,no,0.0
5.9,135,58,28,2,other,no,yes,female,yes,yes,no,no,no,5,0.522449,no,no,no,no,no,0.0
7.2,168,12,44,1,slack_work,no,no,male,yes,yes,yes,yes,no,10,0.4177215,yes,yes,yes,yes,yes,0.835443
5.5,169,31,25,1,slack_work,yes,no,male,yes,yes,no,no,no,8,0.5,no,no,no,no,no,0.0
4.4,120,46,37,1,other,no,yes,male,yes,no,yes,yes,yes,3,0.5410628,yes,no,yes,yes,yes,1.0821256
6.3,171,88,47,2,other,no,yes,male,yes,no,no,no,no,6,0.1901408,yes,no,no,no,no,0.0
7.4,168,33,41,7,slack_work,no,no,male,yes,no,yes,yes,no,6,0.4195251,yes,yes,yes,yes,yes,0.8390502
7.3,225,59,30,2,slack_work,no,no,female,yes,yes,yes,yes,yes,10,0.5023474,no,yes,yes,yes,yes,1.0046948
11.8,205,23,57,7,other,no,no,male,yes,no,yes,no,no,2,0.5202312,yes,yes,no,no,no,0.0
7.2,168,12,45,5,other,no,no,male,yes,yes,yes,yes,no,10,0.3367089,yes,yes,yes,yes,yes,0.6734178
6.9,146,13,20,1,slack_work,no,no,female,yes,no,yes,yes,yes,2,0.5,no,yes,yes,yes,yes,1.0
9.0,197,73,24,4,slack_work,no,yes,female,yes,yes,yes,no,no,2,0.5205047,no,yes,no,no,no,0.0
10.1,136,71,33,10,slack_work,no,no,male,yes,no,yes,yes,no,2,0.1701389,yes,yes,yes,yes,yes,0.3402778
8.9,189,74,37,4,slack_work,no,yes,male,yes,yes,yes,yes,no,5,0.3157895,yes,yes,yes,yes,yes,0.631579
10.3,115,64,38,12,slack_work,yes,no,male,yes,no,no,no,no,4,0.46,yes,yes,no,no,no,0.0
4.5,132,57,24,2,other,yes,yes,male,yes,no,yes,yes,yes,7,0.5028248,yes,yes,yes,yes,yes,1.0056496
7.3,210,74,51,15,slack_work,yes,no,male,yes,yes,no,no,no,7,0.4669927,yes,yes,no,no,no,0.0
9.7,152,56,30,5,slack_work,no,no,female,yes,no,yes,yes,yes,1,0.5022421,no,no,yes,yes,yes,1.0044842
7.8,166,93,27,2,other,no,no,male,yes,yes,yes,yes,yes,3,0.3931035,yes,no,yes,yes,yes,0.786207
4.8,255,41,37,1,slack_work,no,no,male,yes,yes,no,no,no,9,0.4979079,yes,yes,no,no,no,0.0
6.2,170,22,39,11,other,yes,no,female,yes,yes,no,yes,no,3,0.373673,yes,yes,yes,yes,yes,0.747346
8.0,143,42,33,12,slack_work,no,no,male,yes,yes,yes,yes,no,4,0.2234375,yes,yes,yes,yes,yes,0.446875
10.1,130,85,28,5,other,no,no,male,yes,no,yes,yes,yes,1,0.4328358,yes,yes,yes,yes,yes,0.8656716
7.2,209,71,22,4,slack_work,no,no,male,yes,yes,yes,yes,yes,8,0.4641026,yes,yes,yes,yes,yes,0.9282052
4.0,255,14,26,2,slack_work,no,yes,male,yes,no,no,no,no,8,0.4411178,no,yes,no,no,no,0.0
8.1,147,31,40,16,other,no,no,male,yes,no,yes,yes,no,5,0.3257919,yes,no,yes,yes,yes,0.6515838
8.9,189,74,33,12,other,no,no,male,yes,yes,yes,yes,yes,5,0.3444445,yes,yes,yes,yes,yes,0.688889
6.4,196,31,41,7,slack_work,no,no,male,yes,no,no,no,no,10,0.3924051,yes,yes,no,no,no,0.0
8.4,203,74,35,1,other,no,no,male,yes,yes,yes,yes,yes,6,0.5192308,yes,yes,yes,yes,yes,1.0384616
8.9,166,56,22,2,other,no,no,female,yes,no,no,no,no,2,0.5,yes,yes,no,no,no,0.0
9.4,136,93,25,1,seasonal_job_ended,no,no,female,yes,yes,no,no,no,1,0.4170403,no,yes,no,no,no,0.0
10.1,136,71,31,2,slack_work,no,no,male,yes,no,yes,yes,yes,2,0.5019305,yes,no,yes,yes,yes,1.003861
10.4,196,35,25,1,slack_work,no,no,male,yes,no,no,no,no,2,0.5,no,yes,no,no,no,0.0
6.2,170,22,61,4,other,no,no,male,yes,yes,yes,no,no,3,0.4718499,yes,yes,no,no,no,0.0
7.8,158,22,38,5,slack_work,no,no,male,yes,yes,yes,yes,yes,2,0.6602316,yes,yes,yes,yes,yes,1.3204632
6.9,193,81,37,6,position_abolished,no,no,male,yes,yes,yes,yes,no,10,0.4903475,yes,yes,yes,yes,yes,0.980695
6.0,272,14,24,4,other,no,yes,female,yes,yes,no,yes,no,9,0.5,no,yes,yes,yes,yes,1.0
10.1,136,71,31,1,slack_work,no,no,male,yes,no,yes,no,no,2,0.5,yes,yes,no,no,no,0.0
5.8,190,81,29,8,other,no,no,male,yes,no,yes,no,no,9,0.4898785,yes,yes,no,no,no,0.0
5.7,184,31,47,2,slack_work,no,yes,female,yes,yes,yes,yes,no,9,0.4589666,no,yes,yes,yes,yes,0.9179332
4.9,224,84,57,4,slack_work,no,no,male,yes,yes,yes,no,no,9,0.4658228,yes,yes,no,no,no,0.0
6.9,193,81,29,2,slack_work,no,no,female,yes,yes,yes,yes,yes,10,0.4010554,yes,yes,yes,yes,yes,0.8021108
8.5,176,84,34,3,other,no,no,male,yes,yes,yes,yes,yes,1,0.3512545,yes,yes,yes,yes,yes,0.702509
7.0,189,74,33,6,other,yes,no,male,yes,yes,yes,yes,yes,4,0.5222222,yes,no,yes,yes,yes,1.0444444
3.8,207,14,55,2,position_abolished,no,no,male,yes,yes,yes,yes,no,5,0.3759259,yes,yes,yes,yes,yes,0.7518518
5.6,190,93,31,2,other,no,yes,male,yes,yes,yes,no,no,9,0.3951368,no,no,no,no,no,0.0
10.8,188,94,33,3,other,no,yes,male,yes,yes,yes,no,no,5,0.2513587,yes,yes,no,no,no,0.0
6.6,165,62,29,1,slack_work,no,no,male,yes,yes,yes,no,no,10,0.4040404,no,yes,no,no,no,0.0
6.0,125,58,36,3,slack_work,no,no,male,yes,yes,yes,yes,no,3,0.4479167,yes,no,yes,yes,yes,0.8958334
6.1,138,54,23,1,other,no,no,male,yes,no,no,yes,no,2,0.4306358,no,yes,yes,yes,yes,0.8612716
4.2,180,21,24,1,slack_work,no,yes,female,yes,yes,no,no,no,7,0.5,no,yes,no,no,no,0.0
7.5,145,85,37,9,other,yes,no,female,yes,yes,yes,no,no,3,0.5,no,no,no,no,no,0.0
9.9,197,34,36,16,other,no,no,male,yes,yes,yes,yes,no,4,0.4377778,yes,yes,yes,yes,yes,0.8755556
18.0,211,55,45,15,other,no,no,male,yes,yes,yes,no,no,2,0.5210527,yes,yes,no,no,no,0.0
8.4,203,74,36,12,other,no,no,male,yes,yes,yes,yes,yes,6,0.5211267,yes,yes,yes,yes,yes,1.0422534
7.8,145,64,27,3,slack_work,yes,no,male,yes,no,yes,yes,yes,8,0.4976959,yes,yes,yes,yes,yes,0.9953918
5.4,125,21,47,5,slack_work,yes,no,male,yes,yes,yes,no,no,2,0.5020576,yes,yes,no,no,no,0.0
3.4,140,45,60,1,slack_work,no,no,female,yes,no,yes,yes,no,10,0.5036497,no,yes,yes,yes,yes,1.0072994
5.2,129,45,33,6,slack_work,no,no,male,yes,no,yes,yes,yes,4,0.4690909,yes,yes,yes,yes,yes,0.9381818
5.3,175,56,35,1,position_abolished,no,no,male,yes,yes,yes,no,no,5,0.3891403,yes,yes,no,no,no,0.0
9.7,166,93,47,6,other,no,no,female,yes,no,yes,no,no,2,0.3950617,no,no,no,no,no,0.0
6.8,150,59,24,2,other,yes,no,male,yes,yes,no,no,no,4,0.5,no,no,no,no,no,0.0
6.6,291,22,42,3,slack_work,no,yes,male,yes,yes,yes,yes,no,10,0.5822785,yes,yes,yes,yes,yes,1.164557
7.5,210,93,37,2,seasonal_job_ended,yes,yes,male,yes,yes,yes,yes,no,10,0.3946667,yes,yes,yes,yes,yes,0.7893334
10.4,196,35,25,4,slack_work,yes,no,female,yes,no,yes,yes,yes,2,0.5,no,yes,yes,yes,yes,1.0
3.9,187,44,57,13,seasonal_job_ended,no,no,male,yes,no,yes,no,no,9,0.275,yes,yes,no,no,no,0.0
3.8,207,14,20,1,position_abolished,no,no,female,yes,yes,no,no,no,5,0.5,no,yes,no,no,no,0.0
6.3,194,44,26,6,slack_work,no,no,male,yes,no,yes,no,no,5,0.5,yes,yes,no,no,no,0.0
7.3,220,71,23,1,position_abolished,no,no,male,yes,no,no,yes,no,10,0.4947369,no,no,yes,yes,yes,0.9894738
6.5,125,58,32,5,position_abolished,no,no,male,yes,no,yes,yes,yes,4,0.2232143,yes,no,yes,yes,yes,0.4464286
8.4,203,74,38,1,slack_work,no,no,male,yes,yes,yes,yes,no,6,0.5222222,yes,no,yes,yes,yes,1.0444444
4.9,221,87,37,3,slack_work,no,yes,male,yes,yes,yes,yes,yes,10,0.221519,yes,yes,yes,yes,yes,0.443038
7.2,170,21,33,1,other,yes,no,male,yes,yes,no,no,no,3,0.4983923,yes,no,no,no,no,0.0
5.7,203,22,32,2,other,no,yes,male,yes,yes,no,no,no,4,0.6,no,yes,no,no,no,0.0
7.1,206,33,37,2,position_abolished,no,no,male,yes,yes,yes,yes,no,10,0.2969035,yes,yes,yes,yes,yes,0.593807
14.3,182,34,27,2,slack_work,no,yes,male,yes,yes,yes,no,no,1,0.2275785,yes,yes,no,no,no,0.0
8.0,120,62,43,3,other,no,no,male,yes,yes,no,no,no,4,0.6,no,no,no,no,no,0.0
8.7,179,82,54,5,other,no,no,female,yes,no,yes,no,no,5,0.4983051,no,no,no,no,no,0.0
8.9,189,74,30,3,slack_work,no,no,male,yes,yes,yes,yes,yes,5,0.4115044,yes,yes,yes,yes,yes,0.8230088
6.2,225,51,27,5,slack_work,no,no,male,yes,no,no,no,no,10,0.4981949,no,yes,no,no,no,0.0
4.1,258,22,26,4,slack_work,yes,yes,male,yes,yes,no,no,no,8,0.516129,no,yes,no,no,no,0.0
3.5,228,56,60,1,slack_work,no,no,female,yes,yes,yes,no,no,8,0.5,no,no,no,no,no,0.0
9.3,140,61,29,1,other,no,no,male,yes,yes,no,no,no,3,0.5598456,yes,no,no,no,no,0.0
10.1,130,85,25,2,slack_work,no,no,male,yes,no,yes,no,no,1,0.2598566,yes,yes,no,no,no,0.0
5.1,225,51,34,1,other,no,no,male,yes,yes,no,no,no,9,0.5,no,no,no,no,no,0.0
10.3,115,64,37,11,other,no,no,female,yes,no,yes,yes,no,4,0.46,no,yes,yes,yes,yes,0.92
5.5,150,43,42,22,other,no,no,female,yes,no,yes,no,no,8,0.5867347,no,yes,no,no,no,0.0
5.1,180,21,28,4,slack_work,no,no,male,yes,yes,yes,no,no,8,0.2570016,yes,yes,no,no,no,0.0
7.2,168,12,60,2,slack_work,no,no,female,yes,no,no,no,no,10,0.3057471,yes,yes,no,no,no,0.0
6.2,225,51,34,1,slack_work,no,no,male,yes,yes,no,no,no,10,0.5,no,yes,no,no,no,0.0
6.6,291,22,33,8,slack_work,no,no,male,yes,yes,no,no,no,10,0.6010101,yes,yes,no,no,no,0.0
7.2,260,21,28,3,slack_work,no,yes,male,yes,yes,no,no,no,10,0.5013774,no,yes,no,no,no,0.0
4.4,200,35,26,2,slack_work,no,no,male,yes,no,no,no,no,8,0.5,no,yes,no,no,no,0.0
7.2,159,82,35,3,slack_work,no,no,male,yes,no,yes,yes,no,3,0.1932084,yes,no,yes,yes,yes,0.3864168
8.0,224,23,35,2,slack_work,no,no,male,yes,no,yes,yes,no,4,0.52,yes,no,yes,yes,yes,1.04
5.0,229,84,26,1,other,no,no,male,yes,yes,yes,yes,yes,10,0.508427,yes,no,yes,yes,yes,1.016854
5.7,203,22,34,1,position_abolished,no,yes,male,yes,yes,no,no,no,4,0.6,no,yes,no,no,no,0.0
8.0,168,74,33,1,other,no,no,male,yes,yes,yes,yes,no,2,0.5185185,yes,yes,yes,yes,yes,1.037037
11.6,84,32,28,1,other,no,no,male,yes,no,yes,yes,no,1,0.4433962,yes,no,yes,yes,yes,0.8867924
4.0,250,41,61,8,other,no,no,male,yes,no,yes,no,no,7,0.4981685,yes,no,no,no,no,0.0
9.1,214,23,31,3,other,yes,no,female,yes,yes,no,yes,yes,3,0.5228758,yes,yes,yes,yes,yes,1.0457516
7.2,138,54,33,13,slack_work,yes,no,male,yes,yes,no,no,no,1,0.5179856,no,no,no,no,no,0.0
5.9,182,74,28,5,other,no,no,female,yes,yes,yes,yes,yes,3,0.5185185,no,yes,yes,yes,yes,1.037037
5.0,178,13,52,24,other,no,no,male,yes,no,yes,yes,no,9,0.3972973,no,no,yes,yes,yes,0.7945946
8.9,189,74,57,16,slack_work,yes,no,male,yes,no,yes,yes,no,5,0.5204082,yes,yes,yes,yes,yes,1.0408164
9.4,197,92,28,4,other,no,yes,male,yes,yes,yes,yes,yes,3,0.4927536,yes,yes,yes,yes,yes,0.9855072
11.9,110,62,31,1,slack_work,no,no,male,yes,no,yes,no,no,1,0.4179105,no,yes,no,no,no,0.0
5.0,178,13,40,3,other,no,no,male,yes,no,yes,yes,no,9,0.5757576,yes,yes,yes,yes,yes,1.1515152
4.2,180,21,23,7,slack_work,no,no,male,yes,no,no,no,no,7,0.5,no,yes,no,no,no,0.0
9.4,136,93,29,3,slack_work,no,yes,male,yes,yes,yes,yes,yes,1,0.2272048,yes,yes,yes,yes,yes,0.4544096
6.0,193,87,21,3,other,no,no,male,yes,yes,yes,no,no,5,0.35,yes,yes,no,no,no,0.0
4.9,180,21,24,2,slack_work,no,yes,male,yes,no,no,no,no,6,0.5016502,no,no,no,no,no,0.0
11.4,168,33,31,4,other,no,no,female,yes,no,yes,yes,no,2,0.5033113,no,yes,yes,yes,yes,1.0066226
7.7,147,74,26,2,other,no,yes,female,yes,yes,no,yes,yes,1,0.5188679,yes,no,yes,yes,yes,1.0377358
6.8,232,23,23,1,slack_work,no,yes,male,yes,yes,no,no,no,5,0.519084,yes,no,no,no,no,0.0
8.0,162,88,44,1,position_abolished,no,yes,male,yes,yes,no,no,no,4,0.4984615,no,no,no,no,no,0.0
5.8,155,58,33,3,slack_work,no,no,male,yes,yes,yes,yes,yes,7,0.4433962,yes,yes,yes,yes,yes,0.8867924
6.6,291,22,41,2,slack_work,no,no,male,yes,yes,yes,yes,no,10,0.6012658,no,yes,yes,yes,yes,1.2025316
5.8,245,56,26,1,other,no,no,male,yes,yes,yes,no,no,10,0.4981949,yes,yes,no,no,no,0.0
6.5,180,21,47,2,seasonal_job_ended,no,no,male,yes,no,yes,yes,no,4,0.5,yes,no,yes,yes,yes,1.0
7.7,171,81,46,9,other,no,yes,male,yes,no,yes,yes,no,4,0.19,yes,no,yes,yes,yes,0.38
10.0,150,94,25,3,slack_work,no,no,female,yes,no,no,no,no,1,0.4686567,no,yes,no,no,no,0.0
11.6,84,32,58,29,other,no,no,male,yes,yes,yes,no,no,1,0.187251,yes,yes,no,no,no,0.0
7.2,260,21,60,31,other,no,yes,male,yes,yes,yes,no,no,10,0.2594937,yes,no,no,no,no,0.0
11.8,205,23,53,1,slack_work,no,no,male,yes,yes,yes,yes,no,2,0.5172414,yes,yes,yes,yes,yes,1.0344828
9.0,161,33,35,16,position_abolished,yes,yes,female,yes,yes,yes,yes,yes,4,0.4813665,no,yes,yes,yes,yes,0.962733
5.1,166,93,26,1,other,yes,no,male,yes,yes,yes,no,no,8,0.3950617,no,no,no,no,no,0.0
18.0,211,55,20,2,slack_work,no,no,male,yes,no,no,no,no,2,0.5206186,no,no,no,no,no,0.0
9.4,136,93,25,3,slack_work,no,no,male,yes,yes,no,no,no,1,0.3408072,no,yes,no,no,no,0.0
8.5,212,94,53,1,other,no,no,male,yes,no,yes,no,no,10,0.1761603,yes,no,no,no,no,0.0
7.5,188,11,29,2,slack_work,no,yes,male,yes,no,no,no,no,10,0.5907173,yes,yes,no,no,no,0.0
9.0,124,11,39,1,other,no,no,male,yes,no,yes,yes,no,2,0.5923077,yes,yes,yes,yes,yes,1.1846154
9.1,214,23,32,1,slack_work,no,no,male,yes,yes,yes,yes,yes,3,0.3574879,yes,no,yes,yes,yes,0.7149758
9.0,161,33,48,15,slack_work,no,no,male,yes,yes,yes,no,no,4,0.322,yes,yes,no,no,no,0.0
6.1,163,47,24,1,slack_work,no,no,male,yes,yes,yes,yes,yes,2,0.2962963,yes,yes,yes,yes,yes,0.5925926
6.5,178,95,38,6,other,no,yes,male,yes,yes,yes,yes,yes,2,0.521605,yes,no,yes,yes,yes,1.04321
8.5,212,94,36,2,slack_work,no,yes,male,yes,no,yes,yes,no,10,0.2113924,yes,no,yes,yes,yes,0.4227848
8.5,212,94,22,1,slack_work,yes,no,male,yes,no,no,no,no,10,0.4937759,no,no,no,no,no,0.0
3.8,192,16,34,14,other,no,yes,male,yes,yes,yes,no,no,5,0.2394904,yes,no,no,no,no,0.0
4.0,255,14,24,1,slack_work,no,no,male,yes,yes,no,no,no,8,0.5,yes,yes,no,no,no,0.0
5.7,165,86,33,1,slack_work,no,yes,male,yes,yes,yes,yes,yes,10,0.3915663,yes,yes,yes,yes,yes,0.7831326
6.8,150,59,24,3,other,no,no,male,yes,no,yes,yes,no,4,0.5,yes,no,yes,yes,yes,1.0
5.8,166,93,28,1,slack_work,no,no,male,yes,yes,yes,yes,yes,6,0.3943299,yes,yes,yes,yes,yes,0.7886598
7.7,125,59,32,3,slack_work,no,yes,male,yes,yes,no,no,no,1,0.4149254,yes,no,no,no,no,0.0
8.5,212,94,53,4,seasonal_job_ended,no,no,male,yes,yes,yes,no,no,10,0.3523207,yes,no,no,no,no,0.0
8.0,168,74,36,2,other,no,no,male,yes,yes,yes,yes,yes,2,0.5204082,yes,yes,yes,yes,yes,1.0408164
5.1,166,93,47,1,slack_work,no,no,male,yes,yes,yes,yes,no,8,0.3938053,no,yes,yes,yes,yes,0.7876106
5.3,166,93,29,4,other,no,yes,male,yes,yes,no,no,no,7,0.302,no,yes,no,no,no,0.0
8.5,212,94,23,2,slack_work,no,no,male,yes,yes,no,no,no,10,0.3523207,yes,no,no,no,no,0.0
6.6,224,74,27,3,slack_work,yes,no,female,yes,yes,yes,yes,yes,10,0.497191,no,yes,yes,yes,yes,0.994382
5.8,245,56,26,7,other,no,no,male,yes,no,yes,no,no,10,0.4911392,yes,yes,no,no,no,0.0
4.7,96,32,41,3,other,no,no,female,yes,yes,no,no,no,8,0.5540541,yes,no,no,no,no,0.0
7.1,181,72,52,1,other,no,no,female,yes,no,no,no,no,10,0.5217391,yes,yes,no,no,no,0.0
6.1,206,82,41,3,other,no,no,male,yes,no,yes,yes,no,10,0.5021097,yes,yes,yes,yes,yes,1.0042194
7.0,143,42,23,1,slack_work,no,no,male,yes,no,no,no,no,3,0.5672269,no,no,no,no,no,0.0
5.4,167,56,34,3,slack_work,yes,no,female,yes,no,no,yes,yes,4,0.5,no,no,yes,yes,yes,1.0
4.4,120,46,24,1,position_abolished,no,no,male,yes,no,no,no,no,3,0.5410628,no,no,no,no,no,0.0
7.5,210,93,42,6,slack_work,no,no,male,yes,yes,yes,yes,no,10,0.3936652,yes,yes,yes,yes,yes,0.7873304
4.6,176,73,22,1,slack_work,no,yes,female,yes,yes,yes,yes,yes,1,0.5201794,no,yes,yes,yes,yes,1.0403588
9.1,214,23,31,10,other,no,yes,female,yes,no,no,yes,yes,3,0.5203046,yes,yes,yes,yes,yes,1.0406092
9.7,188,94,26,1,slack_work,no,no,male,yes,yes,no,no,no,4,0.3133333,no,yes,no,no,no,0.0
5.6,200,59,44,2,slack_work,no,yes,male,yes,yes,no,no,no,8,0.4976959,yes,yes,no,no,no,0.0
5.1,166,93,21,1,seasonal_job_ended,no,no,female,yes,yes,yes,yes,yes,8,0.3965517,no,no,yes,yes,yes,0.7931034
7.4,168,33,27,2,slack_work,yes,no,male,yes,yes,no,no,no,6,0.4823529,no,yes,no,no,no,0.0
5.8,245,56,43,5,slack_work,yes,no,female,yes,no,no,yes,no,10,0.5,yes,yes,yes,yes,yes,1.0
11.8,205,23,25,4,slack_work,no,yes,male,yes,yes,no,no,no,2,0.3103932,yes,yes,no,no,no,0.0
4.1,198,44,20,1,position_abolished,yes,no,male,yes,yes,yes,no,no,10,0.3985507,yes,no,no,no,no,0.0
8.9,189,74,26,1,other,no,no,male,yes,yes,no,no,no,5,0.5169492,yes,no,no,no,no,0.0
6.0,156,16,23,4,slack_work,no,no,male,yes,no,yes,no,no,2,0.5016835,yes,yes,no,no,no,0.0
18.0,211,55,33,12,slack_work,no,no,male,yes,no,yes,yes,no,2,0.5208333,yes,yes,yes,yes,yes,1.0416666
8.0,168,74,25,8,seasonal_job_ended,no,no,male,yes,yes,yes,yes,no,2,0.5185185,yes,yes,yes,yes,yes,1.037037
6.7,210,74,54,3,slack_work,no,no,male,yes,yes,no,no,no,8,0.518732,yes,yes,no,no,no,0.0
5.3,166,93,42,4,slack_work,no,no,male,yes,yes,yes,yes,yes,7,0.3318681,yes,yes,yes,yes,yes,0.6637362
5.7,184,31,45,22,other,yes,no,female,yes,yes,yes,no,no,9,0.5,no,yes,no,no,no,0.0
5.4,125,21,26,3,slack_work,no,no,male,yes,yes,yes,yes,yes,2,0.5,yes,yes,yes,yes,yes,1.0
6.7,166,93,32,3,other,no,no,male,yes,yes,yes,yes,yes,5,0.2076433,yes,no,yes,yes,yes,0.4152866
2.8,256,95,51,8,slack_work,yes,no,male,yes,no,yes,no,no,9,0.5197569,yes,yes,no,no,no,0.0
9.4,136,93,32,3,slack_work,no,no,male,yes,yes,yes,yes,no,1,0.2435897,yes,yes,yes,yes,yes,0.4871794
11.4,168,33,24,2,other,no,no,female,yes,yes,no,no,no,2,0.372428,no,yes,no,no,no,0.0
6.9,291,23,26,7,slack_work,no,no,male,yes,yes,yes,yes,yes,10,0.5189874,yes,yes,yes,yes,yes,1.0379748
6.8,150,59,48,3,other,no,no,male,yes,yes,yes,yes,no,4,0.5,yes,no,yes,yes,yes,1.0
7.2,166,93,48,3,other,no,no,male,yes,yes,yes,no,no,4,0.3018182,yes,yes,no,no,no,0.0
11.5,110,62,27,2,slack_work,no,no,male,yes,yes,yes,no,no,2,0.3148148,yes,no,no,no,no,0.0
3.6,204,56,47,14,other,no,no,female,yes,yes,yes,yes,no,7,0.501529,no,yes,yes,yes,yes,1.003058
5.1,166,93,44,2,other,no,no,female,yes,yes,no,no,no,8,0.3819629,yes,no,no,no,no,0.0
6.2,175,57,37,3,other,no,no,male,yes,no,no,no,no,10,0.4367089,yes,yes,no,no,no,0.0
11.4,168,33,21,3,slack_work,no,no,male,yes,yes,no,yes,no,2,0.5092593,no,yes,yes,yes,yes,1.0185186
6.8,150,59,31,2,slack_work,yes,yes,female,yes,yes,no,yes,yes,4,0.5,yes,no,yes,yes,yes,1.0
11.1,120,63,32,1,slack_work,no,no,male,yes,yes,no,no,no,3,0.2393822,no,no,no,no,no,0.0
8.9,147,31,33,10,position_abolished,no,no,male,yes,yes,yes,yes,no,4,0.4083333,yes,yes,yes,yes,yes,0.8166666
4.7,96,32,22,1,slack_work,no,no,male,yes,yes,no,yes,yes,8,0.3085502,no,yes,yes,yes,yes,0.6171004
5.3,166,93,24,4,slack_work,no,no,male,yes,yes,no,yes,no,7,0.3940678,no,yes,yes,yes,yes,0.7881356
5.0,175,47,35,6,slack_work,no,no,male,yes,yes,yes,yes,no,4,0.3240741,yes,yes,yes,yes,yes,0.6481482
5.2,245,21,60,2,seasonal_job_ended,no,no,male,yes,no,yes,no,no,9,0.2133052,no,yes,no,no,no,0.0
11.5,205,72,27,5,slack_work,yes,yes,female,yes,yes,no,yes,yes,4,0.5224719,yes,yes,yes,yes,yes,1.0449438
4.5,266,23,38,2,seasonal_job_ended,no,yes,male,yes,yes,no,yes,no,8,0.4842767,yes,no,yes,yes,yes,0.9685534
9.4,136,93,58,4,other,no,no,male,yes,yes,yes,no,no,1,0.4179105,yes,yes,no,no,no,0.0
3.9,196,14,60,13,slack_work,no,no,male,yes,yes,yes,no,no,4,0.49,yes,no,no,no,no,0.0
7.5,210,93,28,1,slack_work,no,no,male,yes,yes,no,no,no,10,0.3931398,no,yes,no,no,no,0.0
9.9,105,43,56,19,slack_work,no,no,female,yes,yes,yes,no,no,2,0.2325103,no,no,no,no,no,0.0
10.2,105,43,60,3,other,yes,no,male,yes,yes,yes,no,no,1,0.3492537,yes,yes,no,no,no,0.0
7.2,209,71,29,3,slack_work,yes,no,male,yes,yes,no,no,no,8,0.5,no,yes,no,no,no,0.0
8.0,168,74,22,4,slack_work,no,no,male,yes,yes,yes,no,no,2,0.279321,yes,no,no,no,no,0.0
11.8,205,23,54,1,slack_work,no,no,female,yes,yes,yes,yes,no,2,0.5193799,no,no,yes,yes,yes,1.0387598
4.8,185,14,58,15,other,no,no,female,yes,yes,yes,no,no,3,0.5018587,no,yes,no,no,no,0.0
4.5,184,56,27,2,slack_work,no,no,male,yes,yes,yes,no,no,6,0.5,yes,no,no,no,no,0.0
6.9,193,81,49,1,slack_work,yes,yes,female,yes,no,yes,yes,no,10,0.4885058,no,yes,yes,yes,yes,0.9770116
12.4,183,72,21,1,other,no,no,male,yes,yes,no,no,no,1,0.4358974,no,no,no,no,no,0.0
10.8,225,55,47,3,slack_work,no,no,male,yes,yes,yes,no,no,6,0.5197889,yes,yes,no,no,no,0.0
7.5,210,93,35,3,position_abolished,no,yes,male,yes,yes,no,yes,no,10,0.2430454,yes,no,yes,yes,yes,0.4860908
7.9,84,32,28,5,other,no,no,male,yes,no,yes,yes,yes,4,0.336,yes,yes,yes,yes,yes,0.672
5.6,190,93,38,3,slack_work,yes,yes,male,yes,yes,no,yes,no,9,0.3951368,yes,yes,yes,yes,yes,0.7902736
7.5,210,93,26,4,slack_work,no,yes,male,yes,yes,no,no,no,10,0.3955696,no,no,no,no,no,0.0
7.2,260,21,25,5,seasonal_job_ended,no,no,male,yes,yes,yes,no,no,10,0.329582,yes,yes,no,no,no,0.0
4.1,236,56,33,1,seasonal_job_ended,no,no,male,yes,yes,no,no,no,9,0.5,yes,no,no,no,no,0.0
5.6,190,93,46,5,other,no,no,female,yes,yes,yes,no,no,9,0.3954802,no,yes,no,no,no,0.0
12.2,158,31,55,1,other,no,no,male,yes,yes,yes,yes,no,2,0.3958333,yes,no,yes,yes,yes,0.7916666
11.2,178,91,36,3,slack_work,no,no,female,yes,yes,no,yes,no,2,0.5185185,yes,no,yes,yes,yes,1.037037
3.6,204,56,34,1,other,no,no,male,yes,yes,yes,yes,no,7,0.372,no,no,yes,yes,yes,0.744
9.0,197,73,22,1,slack_work,no,no,male,yes,no,yes,no,no,2,0.5185185,yes,yes,no,no,no,0.0
10.3,190,23,57,30,slack_work,no,no,male,yes,yes,yes,no,no,1,0.5071771,yes,yes,no,no,no,0.0
2.4,156,12,24,7,slack_work,no,no,male,yes,yes,yes,yes,yes,7,0.3647059,yes,no,yes,yes,yes,0.7294118
14.3,182,34,33,7,other,no,yes,female,yes,yes,no,yes,no,1,0.4043825,yes,yes,yes,yes,yes,0.808765
5.6,190,93,24,4,other,no,yes,male,yes,yes,no,no,no,9,0.3786408,no,no,no,no,no,0.0
4.4,225,35,34,13,position_abolished,no,no,male,yes,no,yes,yes,no,9,0.5,yes,yes,yes,yes,yes,1.0
3.8,161,11,37,2,seasonal_job_ended,no,no,male,yes,no,yes,no,no,7,0.4010989,no,yes,no,no,no,0.0
8.8,158,81,31,7,slack_work,no,no,male,yes,no,yes,yes,yes,2,0.5018315,yes,yes,yes,yes,yes,1.003663
7.5,210,93,28,5,position_abolished,no,no,male,yes,yes,no,no,no,10,0.3939394,yes,no,no,no,no,0.0
5.6,190,93,33,1,other,no,yes,male,yes,yes,yes,yes,yes,9,0.2528363,yes,no,yes,yes,yes,0.5056726
7.0,145,63,56,15,slack_work,yes,no,male,yes,yes,no,no,no,8,0.3230769,no,yes,no,no,no,0.0
4.9,180,21,61,10,slack_work,yes,no,male,yes,yes,yes,no,no,6,0.3238095,yes,yes,no,no,no,0.0
5.0,159,54,35,3,other,no,no,female,yes,yes,no,yes,no,5,0.522293,yes,yes,yes,yes,yes,1.044586
7.1,206,33,37,8,slack_work,yes,no,male,yes,yes,yes,yes,no,10,0.3927711,yes,yes,yes,yes,yes,0.7855422
4.6,208,87,27,1,other,yes,no,female,yes,yes,yes,yes,yes,8,0.5,no,no,yes,yes,yes,1.0
5.6,190,93,21,2,slack_work,no,no,male,yes,yes,yes,no,no,9,0.3922652,yes,no,no,no,no,0.0
7.2,260,21,44,2,slack_work,no,no,male,yes,yes,yes,yes,no,10,0.4475982,yes,yes,yes,yes,yes,0.8951964
7.5,177,41,35,3,slack_work,no,no,male,yes,yes,yes,yes,no,1,0.3530466,yes,yes,yes,yes,yes,0.7060932
7.4,213,84,25,1,slack_work,no,no,male,yes,no,no,no,no,5,0.3548387,yes,yes,no,no,no,0.0
5.0,159,54,33,1,seasonal_job_ended,yes,no,male,yes,no,yes,no,no,5,0.5207547,yes,yes,no,no,no,0.0
8.6,115,62,54,18,slack_work,no,no,male,yes,no,no,no,no,3,0.4193548,yes,no,no,no,no,0.0
2.6,239,95,50,1,slack_work,no,no,male,yes,no,no,no,no,8,0.2681347,yes,no,no,no,no,0.0
6.7,166,85,26,2,slack_work,no,no,male,yes,yes,yes,no,no,8,0.4615385,yes,no,no,no,no,0.0
5.7,203,22,49,8,position_abolished,yes,no,female,yes,yes,no,no,no,4,0.5205128,yes,yes,no,no,no,0.0
7.5,275,34,21,1,other,yes,no,female,yes,yes,no,yes,no,9,0.5243056,no,no,yes,yes,yes,1.0486112
11.4,168,33,25,1,slack_work,no,no,female,yes,yes,yes,yes,no,2,0.502439,no,yes,yes,yes,yes,1.004878
6.2,205,91,49,6,slack_work,no,no,male,yes,yes,yes,yes,no,7,0.5198238,yes,yes,yes,yes,yes,1.0396476
6.3,150,59,44,4,other,no,no,female,yes,yes,yes,yes,no,3,0.5024155,no,no,yes,yes,yes,1.004831
11.4,158,92,25,1,slack_work,no,no,female,yes,yes,no,yes,no,1,0.6487805,yes,yes,yes,yes,yes,1.297561
9.7,146,42,46,8,slack_work,no,no,male,yes,no,yes,yes,yes,1,0.5634328,yes,yes,yes,yes,yes,1.1268656
5.7,203,22,21,2,slack_work,no,no,male,yes,yes,yes,no,no,4,0.5075,no,yes,no,no,no,0.0
3.9,167,54,47,10,other,no,no,male,yes,no,yes,yes,no,7,0.1855922,yes,yes,yes,yes,yes,0.3711844
6.2,217,74,31,3,other,no,no,male,yes,yes,yes,yes,no,9,0.5197569,yes,no,yes,yes,yes,1.0395138
9.2,276,34,27,1,slack_work,no,no,male,yes,yes,no,no,no,10,0.5289855,yes,yes,no,no,no,0.0
7.6,166,87,24,3,slack_work,no,no,male,yes,no,yes,no,no,1,0.4147982,no,yes,no,no,no,0.0
6.7,166,93,32,6,other,no,no,male,yes,yes,no,no,no,5,0.3687783,yes,yes,no,no,no,0.0
5.2,160,62,38,1,slack_work,yes,no,female,yes,yes,no,yes,no,9,0.4065041,yes,no,yes,yes,yes,0.8130082
6.4,196,31,50,3,slack_work,no,yes,male,yes,yes,no,no,no,10,0.5,yes,no,no,no,no,0.0
7.3,225,59,21,1,slack_work,no,no,male,yes,yes,yes,no,no,10,0.5,no,no,no,no,no,0.0
7.6,140,52,47,7,other,no,no,male,yes,yes,yes,yes,no,1,0.4,yes,yes,yes,yes,yes,0.8
10.0,156,94,32,4,other,no,yes,female,yes,no,no,no,no,3,0.1563707,no,no,no,no,no,0.0
8.9,147,31,24,4,slack_work,no,no,male,yes,yes,yes,yes,yes,4,0.459375,yes,yes,yes,yes,yes,0.91875
5.4,280,23,34,5,slack_work,no,no,male,yes,yes,yes,yes,yes,9,0.4676113,yes,yes,yes,yes,yes,0.9352226
5.6,190,93,33,3,slack_work,no,no,female,yes,yes,yes,yes,no,9,0.398374,no,no,yes,yes,yes,0.796748
11.7,148,33,57,10,slack_work,no,no,male,yes,yes,yes,no,no,1,0.2644231,yes,yes,no,no,no,0.0
8.1,161,33,32,5,slack_work,no,yes,male,yes,yes,yes,yes,yes,5,0.4020356,yes,yes,yes,yes,yes,0.8040712
11.4,168,33,57,8,other,no,no,male,yes,yes,yes,no,no,2,0.4085779,yes,yes,no,no,no,0.0
8.2,191,41,56,26,other,yes,no,male,yes,yes,yes,yes,yes,2,0.4178499,yes,yes,yes,yes,yes,0.8356998
13.0,225,55,23,3,position_abolished,no,no,male,yes,no,yes,no,no,4,0.375,yes,yes,no,no,no,0.0
7.2,260,21,24,1,slack_work,no,yes,male,yes,yes,no,no,no,10,0.5012658,no,yes,no,no,no,0.0
5.9,182,74,27,3,slack_work,no,no,male,yes,yes,no,no,no,3,0.5225806,no,yes,no,no,no,0.0
8.6,145,64,55,21,other,no,no,female,yes,yes,yes,no,no,10,0.242616,no,yes,no,no,no,0.0
7.5,210,93,60,6,slack_work,yes,no,female,yes,yes,yes,no,no,10,0.3955696,no,yes,no,no,no,0.0
7.7,147,74,25,2,slack_work,yes,no,male,yes,no,yes,yes,yes,1,0.519084,yes,no,yes,yes,yes,1.038168
7.2,260,21,39,1,slack_work,yes,no,male,yes,yes,no,no,no,10,0.4966443,no,yes,no,no,no,0.0
5.6,190,93,33,7,other,no,yes,male,yes,yes,no,no,no,9,0.3157895,no,no,no,no,no,0.0
7.5,210,93,44,15,slack_work,no,no,male,yes,yes,yes,yes,yes,10,0.3924051,yes,yes,yes,yes,yes,0.7848102
5.6,194,84,54,10,slack_work,no,no,male,yes,no,yes,yes,no,3,0.5614525,yes,yes,yes,yes,yes,1.122905
8.0,168,74,44,14,slack_work,yes,yes,male,yes,yes,yes,yes,no,2,0.1677479,yes,yes,yes,yes,yes,0.3354958
7.5,177,41,28,1,other,no,yes,male,yes,no,yes,yes,yes,1,0.4982079,yes,yes,yes,yes,yes,0.9964158
5.8,245,56,30,2,position_abolished,yes,no,female,yes,no,yes,yes,yes,10,0.5021097,no,yes,yes,yes,yes,1.0042194
5.9,186,87,36,1,slack_work,no,yes,male,yes,yes,yes,no,no,4,0.465,yes,yes,no,no,no,0.0
3.5,205,51,40,11,other,no,no,male,yes,yes,yes,yes,no,8,0.4659686,yes,yes,yes,yes,yes,0.9319372
8.4,203,74,33,2,other,no,no,male,yes,yes,yes,no,no,6,0.5238096,yes,no,no,no,no,0.0
7.1,197,73,35,4,other,no,no,male,yes,no,no,no,no,4,0.3283333,yes,yes,no,no,no,0.0
9.4,136,93,25,1,slack_work,no,no,female,yes,yes,no,no,no,1,0.4191617,yes,yes,no,no,no,0.0
7.3,220,71,60,8,other,no,no,female,yes,no,no,no,no,10,0.5020921,yes,yes,no,no,no,0.0
10.0,150,94,39,9,slack_work,no,yes,male,yes,no,no,no,no,1,0.2138284,yes,yes,no,no,no,0.0
5.5,202,88,26,2,other,no,no,male,yes,yes,yes,yes,no,10,0.2025317,yes,yes,yes,yes,yes,0.4050634
10.3,156,94,59,10,position_abolished,no,yes,female,yes,no,yes,no,no,2,0.5185185,no,yes,no,no,no,0.0
10.3,156,94,35,1,slack_work,no,yes,male,yes,no,no,no,no,2,0.1566265,yes,yes,no,no,no,0.0
5.8,145,62,49,7,other,no,no,female,yes,yes,yes,yes,no,7,0.3935484,no,no,yes,yes,yes,0.7870968
9.1,214,23,37,2,other,no,yes,male,yes,yes,yes,yes,no,3,0.5209003,yes,yes,yes,yes,yes,1.0418006
14.3,182,34,52,5,other,no,no,male,yes,no,yes,no,no,1,0.5205128,yes,yes,no,no,no,0.0
7.8,166,93,41,5,other,no,no,female,yes,yes,yes,yes,no,3,0.3690987,no,yes,yes,yes,yes,0.7381974
7.7,147,74,41,15,other,no,no,male,yes,yes,yes,yes,no,1,0.2827586,yes,yes,yes,yes,yes,0.5655172
6.6,165,62,51,24,other,no,no,female,yes,no,yes,no,no,10,0.4042553,no,yes,no,no,no,0.0
6.5,180,21,20,2,other,no,no,male,yes,yes,no,no,no,4,0.5,no,no,no,no,no,0.0
7.5,115,58,25,4,other,no,no,male,yes,yes,no,no,no,2,0.4592593,no,no,no,no,no,0.0
8.5,211,92,35,12,slack_work,no,yes,male,yes,no,yes,yes,yes,5,0.3913043,yes,yes,yes,yes,yes,0.7826086
3.2,205,51,61,8,other,no,no,female,yes,yes,no,no,no,7,0.5,yes,yes,no,no,no,0.0
6.7,166,56,55,1,other,yes,no,male,yes,no,yes,no,no,3,0.5024155,yes,no,no,no,no,0.0
10.4,196,35,37,5,slack_work,yes,no,male,yes,yes,no,yes,yes,2,0.5,no,yes,yes,yes,yes,1.0
7.1,197,73,37,1,slack_work,no,no,male,yes,yes,yes,yes,yes,4,0.4925,yes,no,yes,yes,yes,0.985
8.0,168,74,22,2,other,no,no,female,yes,yes,no,yes,yes,2,0.5185185,no,yes,yes,yes,yes,1.037037
4.1,171,11,42,5,slack_work,no,no,male,yes,no,yes,no,no,8,0.2215569,no,yes,no,no,no,0.0
9.0,282,14,33,3,seasonal_job_ended,no,no,male,yes,yes,no,no,no,10,0.5023474,yes,no,no,no,no,0.0
8.4,180,83,23,2,other,no,no,female,yes,no,yes,no,no,2,0.4608076,no,no,no,no,no,0.0
10.1,136,71,21,1,slack_work,no,no,male,yes,no,yes,yes,yes,2,0.4537037,yes,yes,yes,yes,yes,0.9074074
6.5,115,86,34,3,other,yes,no,male,yes,yes,no,no,no,4,0.52,no,no,no,no,no,0.0
9.0,124,11,40,2,other,no,no,male,yes,no,yes,no,no,2,0.5173745,yes,yes,no,no,no,0.0
14.3,182,34,31,12,other,no,no,male,yes,yes,yes,yes,yes,1,0.5253732,yes,yes,yes,yes,yes,1.0507464
12.2,158,31,26,5,slack_work,no,no,female,yes,no,no,yes,yes,2,0.5,yes,yes,yes,yes,yes,1.0
5.4,139,11,33,2,other,no,no,female,yes,no,yes,yes,no,4,0.5909091,no,yes,yes,yes,yes,1.1818182
5.6,200,59,35,15,other,yes,no,female,yes,yes,no,yes,no,8,0.5,yes,no,yes,yes,yes,1.0
6.6,291,22,42,1,other,no,no,male,yes,yes,no,no,no,10,0.598513,no,yes,no,no,no,0.0
8.0,168,74,20,1,slack_work,no,no,male,yes,yes,no,no,no,2,0.521605,no,no,no,no,no,0.0
6.9,146,13,49,4,slack_work,no,yes,male,yes,no,no,yes,no,2,0.4305177,yes,yes,yes,yes,yes,0.8610354
9.7,166,93,39,1,slack_work,no,no,female,yes,yes,yes,yes,no,2,0.394822,no,yes,yes,yes,yes,0.789644
9.1,214,23,25,6,other,no,no,female,yes,yes,no,no,no,3,0.5207373,yes,yes,no,no,no,0.0
7.2,196,35,28,7,other,no,no,male,yes,no,yes,yes,yes,4,0.5,yes,yes,yes,yes,yes,1.0
6.4,196,31,44,21,other,no,no,male,yes,no,yes,yes,no,10,0.4505814,yes,yes,yes,yes,yes,0.9011628
5.8,190,81,35,1,position_abolished,no,yes,male,yes,no,yes,yes,yes,9,0.1613237,no,yes,yes,yes,yes,0.3226474
10.8,188,94,43,3,other,no,yes,male,yes,yes,yes,yes,no,5,0.4915254,yes,yes,yes,yes,yes,0.9830508
6.7,90,32,24,2,slack_work,no,no,female,yes,yes,yes,no,no,5,0.4489796,no,yes,no,no,no,0.0
4.5,129,45,41,7,other,no,yes,female,yes,no,no,yes,no,1,0.5,yes,yes,yes,yes,yes,1.0
6.9,146,13,44,1,position_abolished,no,yes,female,yes,no,no,yes,no,2,0.5,yes,no,yes,yes,yes,1.0
6.7,270,16,32,4,slack_work,yes,no,male,yes,yes,yes,yes,yes,10,0.5012658,yes,no,yes,yes,yes,1.0025316
9.2,136,88,36,12,other,no,no,male,yes,no,no,no,no,1,0.4537314,no,yes,no,no,no,0.0
4.1,236,56,21,1,slack_work,no,no,female,yes,yes,no,no,no,9,0.3927126,no,no,no,no,no,0.0
10.0,156,94,52,1,position_abolished,no,no,female,yes,yes,yes,yes,no,3,0.5227273,no,yes,yes,yes,yes,1.0454546
9.2,136,88,56,4,position_abolished,no,no,female,yes,no,yes,no,no,1,0.5186567,no,yes,no,no,no,0.0
8.1,147,31,42,1,slack_work,no,yes,male,yes,yes,yes,no,no,5,0.5,yes,yes,no,no,no,0.0
12.2,158,31,33,12,other,no,no,male,yes,yes,yes,yes,yes,2,0.2933105,yes,yes,yes,yes,yes,0.586621
6.3,180,21,27,7,slack_work,yes,no,male,yes,yes,no,no,no,5,0.5,no,no,no,no,no,0.0
7.0,147,31,25,1,other,no,no,male,yes,yes,yes,yes,yes,6,0.3262911,yes,yes,yes,yes,yes,0.6525822
8.4,130,64,42,8,other,no,no,female,yes,no,yes,yes,no,7,0.5,no,no,yes,yes,yes,1.0
11.1,120,63,30,2,slack_work,yes,no,male,yes,yes,no,yes,no,3,0.5396039,no,no,yes,yes,yes,1.0792078
4.2,180,21,36,12,position_abolished,no,no,male,yes,yes,yes,yes,yes,7,0.3604396,yes,yes,yes,yes,yes,0.7208792
6.9,172,14,32,6,slack_work,no,yes,male,yes,yes,no,no,no,2,0.4305556,yes,no,no,no,no,0.0
6.9,177,85,33,10,slack_work,no,no,male,yes,yes,no,no,no,10,0.3406326,yes,yes,no,no,no,0.0
5.3,228,41,31,3,slack_work,no,no,male,yes,yes,yes,yes,yes,5,0.5020408,yes,yes,yes,yes,yes,1.0040816
11.9,110,62,53,4,position_abolished,no,yes,male,yes,no,yes,no,no,1,0.1543287,yes,yes,no,no,no,0.0
4.2,180,21,24,2,other,no,no,male,yes,yes,no,no,no,7,0.5,no,yes,no,no,no,0.0
7.5,210,93,27,1,slack_work,no,no,male,yes,yes,yes,yes,yes,10,0.3001808,yes,yes,yes,yes,yes,0.6003616
6.5,180,21,52,15,other,no,yes,male,yes,yes,no,no,no,4,0.5,yes,yes,no,no,no,0.0
3.6,204,56,40,15,other,yes,no,female,yes,no,no,no,no,7,0.5014663,yes,yes,no,no,no,0.0
3.3,204,16,29,1,other,no,no,male,yes,yes,yes,no,no,6,0.4978903,yes,yes,no,no,no,0.0
6.0,272,14,34,2,other,no,no,male,yes,yes,yes,yes,yes,9,0.4534413,no,yes,yes,yes,yes,0.9068826
5.1,180,21,41,5,seasonal_job_ended,no,yes,male,yes,yes,no,no,no,8,0.2496,no,yes,no,no,no,0.0
4.6,176,73,29,2,slack_work,no,no,male,yes,no,yes,yes,yes,1,0.5171504,yes,yes,yes,yes,yes,1.0343008
9.5,150,51,52,14,other,no,yes,male,yes,no,yes,no,no,1,0.2496263,yes,yes,no,no,no,0.0
8.1,150,51,23,1,slack_work,yes,yes,male,yes,no,no,no,no,2,0.3410526,no,yes,no,no,no,0.0
9.5,150,51,25,1,slack_work,no,no,female,yes,no,no,no,no,1,0.5,no,yes,no,no,no,0.0
6.3,156,44,27,6,other,no,yes,male,yes,no,yes,yes,yes,1,0.311828,yes,yes,yes,yes,yes,0.623656
7.2,159,82,26,7,position_abolished,no,no,male,yes,no,yes,yes,yes,3,0.3540772,yes,no,yes,yes,yes,0.7081544
6.3,156,44,36,3,slack_work,no,yes,male,yes,no,yes,yes,no,1,0.3901345,yes,yes,yes,yes,yes,0.780269
8.2,197,34,25,5,slack_work,no,no,male,yes,yes,no,no,no,6,0.4389671,yes,yes,no,no,no,0.0
5.3,175,56,52,2,other,no,no,female,yes,yes,yes,no,no,5,0.4977376,no,yes,no,no,no,0.0
9.1,145,81,26,2,seasonal_job_ended,no,no,male,yes,no,no,no,no,1,0.3028037,yes,yes,no,no,no,0.0
11.7,115,64,27,6,slack_work,no,no,male,yes,yes,yes,yes,yes,5,0.3070652,yes,yes,yes,yes,yes,0.6141304
7.2,166,93,43,6,other,no,no,male,yes,yes,yes,yes,no,4,0.3958333,yes,yes,yes,yes,yes,0.7916666
5.6,175,44,29,1,slack_work,no,no,male,yes,no,yes,yes,yes,2,0.5,yes,no,yes,yes,yes,1.0
5.2,245,21,43,2,other,no,no,female,yes,yes,no,no,no,9,0.354386,yes,yes,no,no,no,0.0
12.6,105,64,33,9,other,yes,no,female,yes,no,yes,yes,yes,2,0.5,no,yes,yes,yes,yes,1.0
4.1,236,56,51,30,other,no,no,male,yes,no,no,no,no,9,0.5,yes,yes,no,no,no,0.0
5.4,167,56,26,2,slack_work,no,no,female,yes,no,no,yes,yes,4,0.4771429,yes,no,yes,yes,yes,0.9542858
9.7,152,56,35,5,other,no,yes,male,yes,no,yes,yes,yes,1,0.5022421,yes,yes,yes,yes,yes,1.0044842
11.8,205,23,49,30,slack_work,yes,no,male,yes,yes,yes,yes,yes,2,0.5185185,yes,yes,yes,yes,yes,1.037037
4.3,254,41,57,2,slack_work,no,no,female,yes,no,yes,no,no,8,0.5,no,yes,no,no,no,0.0
5.9,185,44,22,2,other,no,no,male,yes,no,no,no,no,4,0.504,yes,no,no,no,no,0.0
7.5,210,93,31,8,other,no,yes,male,yes,yes,no,no,no,10,0.3939394,no,yes,no,no,no,0.0
15.0,223,55,50,12,slack_work,no,no,male,yes,no,yes,yes,no,3,0.4957082,yes,yes,yes,yes,yes,0.9914164
5.4,175,58,45,1,other,no,no,female,yes,no,yes,no,no,9,0.5212121,no,no,no,no,no,0.0
7.8,120,63,61,30,other,no,no,male,yes,yes,yes,no,no,6,0.3007916,yes,no,no,no,no,0.0
7.1,183,83,30,5,seasonal_job_ended,yes,no,male,yes,no,no,no,no,4,0.4575,no,yes,no,no,no,0.0
11.5,110,62,29,2,position_abolished,no,no,female,yes,no,no,no,no,2,0.4170616,yes,no,no,no,no,0.0
8.0,168,74,25,3,slack_work,no,no,male,yes,yes,no,no,no,2,0.3943355,no,yes,no,no,no,0.0
11.8,205,23,54,12,other,no,no,female,yes,no,no,no,no,2,0.5202312,yes,yes,no,no,no,0.0
6.3,157,83,24,3,other,no,no,male,yes,no,no,no,no,3,0.5206897,no,no,no,no,no,0.0
5.3,96,32,54,18,position_abolished,no,no,male,yes,no,yes,no,no,9,0.2135135,yes,no,no,no,no,0.0
12.6,105,64,26,3,slack_work,no,yes,male,yes,no,yes,yes,yes,2,0.4185185,yes,no,yes,yes,yes,0.837037
6.3,135,86,29,3,other,no,yes,male,yes,yes,no,no,no,7,0.2814645,no,no,no,no,no,0.0
5.8,166,93,27,3,position_abolished,no,no,male,yes,yes,no,no,no,6,0.3929619,yes,yes,no,no,no,0.0
3.9,196,14,21,1,slack_work,no,no,male,yes,yes,no,no,no,4,0.5,no,yes,no,no,no,0.0
9.1,145,81,29,3,slack_work,no,yes,male,yes,no,yes,no,no,1,0.2903226,yes,yes,no,no,no,0.0
8.8,150,85,23,1,other,no,no,male,yes,no,no,yes,no,4,0.5,no,no,yes,yes,yes,1.0
8.6,145,22,33,5,position_abolished,no,yes,male,yes,yes,no,no,no,1,0.4153846,yes,yes,no,no,no,0.0
7.0,196,35,30,8,other,no,no,male,yes,no,no,no,no,5,0.5014245,no,yes,no,no,no,0.0
6.7,166,93,46,1,other,no,no,female,yes,yes,yes,yes,no,5,0.390625,no,no,yes,yes,yes,0.78125
5.6,190,93,40,13,slack_work,no,yes,male,yes,yes,yes,yes,no,9,0.2708333,yes,yes,yes,yes,yes,0.5416666
7.5,275,34,38,2,slack_work,no,no,male,yes,yes,no,no,no,9,0.5242718,no,yes,no,no,no,0.0
11.0,179,35,49,14,slack_work,no,no,male,yes,yes,yes,no,no,1,0.4987531,yes,yes,no,no,no,0.0
6.1,206,82,30,1,slack_work,no,no,male,yes,no,yes,yes,yes,10,0.5021097,yes,no,yes,yes,yes,1.0042194
4.3,176,54,27,1,slack_work,no,yes,male,yes,yes,yes,yes,no,9,0.5194805,no,no,yes,yes,yes,1.038961
9.0,197,73,30,2,slack_work,no,no,female,yes,no,no,no,no,2,0.521164,no,yes,no,no,no,0.0
3.2,220,14,42,23,other,no,no,male,yes,yes,yes,no,no,6,0.498801,yes,yes,no,no,no,0.0
6.6,291,22,22,1,other,no,no,male,yes,yes,no,yes,no,10,0.6012658,no,no,yes,yes,yes,1.2025316
9.0,161,33,57,9,slack_work,yes,no,female,yes,yes,yes,no,no,4,0.4025,no,yes,no,no,no,0.0
6.7,145,82,42,1,other,no,no,female,yes,no,yes,yes,no,1,0.502994,no,no,yes,yes,yes,1.005988
6.2,166,61,29,1,other,no,yes,female,yes,yes,no,no,no,8,0.6184211,yes,yes,no,no,no,0.0
7.7,147,74,28,5,other,no,yes,male,yes,no,no,no,no,1,0.367713,yes,yes,no,no,no,0.0
12.2,158,31,60,20,slack_work,no,no,male,yes,no,yes,yes,yes,2,0.3518519,yes,yes,yes,yes,yes,0.7037038
2.8,160,13,37,18,other,no,no,male,yes,yes,yes,yes,no,7,0.4101124,yes,no,yes,yes,yes,0.8202248
6.3,198,83,38,3,other,no,no,male,yes,no,yes,yes,yes,7,0.4118993,yes,yes,yes,yes,yes,0.8237986
8.0,168,74,34,10,slack_work,no,yes,male,yes,yes,yes,yes,yes,2,0.239418,yes,yes,yes,yes,yes,0.478836
12.4,90,63,39,14,other,yes,yes,male,yes,yes,yes,yes,no,1,0.2242152,yes,yes,yes,yes,yes,0.4484304
10.1,136,71,44,2,slack_work,no,no,male,yes,no,yes,no,no,2,0.5,yes,no,no,no,no,0.0
7.3,210,74,39,8,other,no,no,female,yes,yes,no,yes,no,7,0.5205479,yes,yes,yes,yes,yes,1.0410958
6.8,232,23,40,1,other,no,no,male,yes,no,yes,no,no,5,0.5182482,yes,no,no,no,no,0.0
7.8,132,12,24,2,other,no,no,female,yes,no,no,no,no,1,0.6233184,no,no,no,no,no,0.0
8.0,224,23,52,15,slack_work,no,yes,male,yes,yes,yes,yes,no,4,0.3895652,yes,no,yes,yes,yes,0.7791304
8.5,176,84,27,1,other,no,no,male,yes,yes,yes,no,no,1,0.5985663,yes,no,no,no,no,0.0
14.7,206,53,42,6,other,yes,no,male,yes,yes,yes,yes,no,1,0.3965517,yes,yes,yes,yes,yes,0.7931034
4.0,255,14,30,1,other,no,yes,male,yes,yes,no,no,no,8,0.498801,yes,yes,no,no,no,0.0
6.7,166,85,45,3,slack_work,yes,yes,male,yes,yes,yes,yes,yes,8,0.3157895,yes,yes,yes,yes,yes,0.631579
11.7,115,64,21,2,slack_work,yes,no,male,yes,no,no,no,no,5,0.1644833,yes,no,no,no,no,0.0
5.6,190,93,38,3,position_abolished,no,yes,male,yes,yes,yes,yes,yes,9,0.310757,yes,yes,yes,yes,yes,0.621514
4.2,181,42,31,1,slack_work,no,no,female,yes,yes,yes,yes,yes,9,0.5648535,no,yes,yes,yes,yes,1.129707
6.9,291,23,20,1,slack_work,no,no,male,yes,yes,yes,no,no,10,0.5189874,yes,yes,no,no,no,0.0
8.0,168,74,32,11,other,no,no,male,yes,no,yes,yes,yes,2,0.372428,yes,no,yes,yes,yes,0.744856
4.6,168,16,41,18,other,no,no,male,yes,yes,yes,no,no,3,0.4983923,yes,no,no,no,no,0.0
12.2,158,31,47,25,other,no,no,male,yes,yes,no,no,no,2,0.3166667,yes,yes,no,no,no,0.0
6.6,291,22,44,6,slack_work,no,no,male,yes,yes,yes,no,no,10,0.3309352,yes,yes,no,no,no,0.0
5.4,280,23,28,2,slack_work,no,yes,male,yes,yes,no,no,no,9,0.5191816,yes,no,no,no,no,0.0
5.5,169,31,22,2,slack_work,no,no,male,yes,no,yes,yes,yes,8,0.5,no,yes,yes,yes,yes,1.0
5.6,162,12,39,15,slack_work,no,no,male,yes,no,yes,yes,no,9,0.3642857,yes,yes,yes,yes,yes,0.7285714
4.6,176,73,46,13,slack_work,no,no,male,yes,no,no,no,no,1,0.5190217,yes,yes,no,no,no,0.0
7.1,181,72,36,3,slack_work,no,no,male,yes,yes,yes,yes,no,10,0.5214007,yes,yes,yes,yes,yes,1.0428014
6.7,197,73,54,2,other,no,yes,male,yes,no,yes,yes,no,7,0.5229358,yes,yes,yes,yes,yes,1.0458716
6.9,193,81,23,1,seasonal_job_ended,no,no,male,yes,yes,no,yes,yes,10,0.489899,yes,no,yes,yes,yes,0.979798
9.4,147,31,32,10,other,no,no,male,yes,no,yes,yes,no,3,0.5,yes,no,yes,yes,yes,1.0
8.3,154,15,22,1,slack_work,no,no,female,yes,yes,no,yes,no,2,0.5462185,no,no,yes,yes,yes,1.092437
